"","CowTagID","X._loss","lat","lon","dist_to_seep_m","shore_dist_m","Parameter","value"
"1","V1",23.90531178,-17.53975298,-149.900506,138.888746616388,22.5,"Maximum_Salinity",36.67
"2","V1",23.90531178,-17.53975298,-149.900506,138.888746616388,22.5,"Maximum_pH",8.03355611839245
"3","V1",23.90531178,-17.53975298,-149.900506,138.888746616388,22.5,"Maximum_Temperature",29.3
"4","V1",23.90531178,-17.53975298,-149.900506,138.888746616388,22.5,"Maximum_TA",2360.875128
"5","V1",23.90531178,-17.53975298,-149.900506,138.888746616388,22.5,"Maximum_NN_umolL",0.758656776
"6","V1",23.90531178,-17.53975298,-149.900506,138.888746616388,22.5,"Maximum_TA",2360.875128
"7","V1",23.90531178,-17.53975298,-149.900506,138.888746616388,22.5,"Maximum_NN_umolL",0.758656776
"8","V1",23.90531178,-17.53975298,-149.900506,138.888746616388,22.5,"Maximum_Silicate_umolL",4.940658029
"9","V1",23.90531178,-17.53975298,-149.900506,138.888746616388,22.5,"Maximum_Phosphate_umolL",0.187228219
"10","V1",23.90531178,-17.53975298,-149.900506,138.888746616388,22.5,"Minimum_Salinity",36.34
"11","V1",23.90531178,-17.53975298,-149.900506,138.888746616388,22.5,"Minimum_pH",7.9048229096102
"12","V1",23.90531178,-17.53975298,-149.900506,138.888746616388,22.5,"Minimum_Temperature",28.38
"13","V1",23.90531178,-17.53975298,-149.900506,138.888746616388,22.5,"MeanSeasonal_TA",2349.9651295
"14","V1",23.90531178,-17.53975298,-149.900506,138.888746616388,22.5,"MeanSeasonal_NN_umolL",0.4366859695
"15","V1",23.90531178,-17.53975298,-149.900506,138.888746616388,22.5,"MeanSeasonal_Silicate_umolL",2.19441359475
"16","V1",23.90531178,-17.53975298,-149.900506,138.888746616388,22.5,"MeanSeasonal_Phosphate_umolL",0.165382252
"17","V1",23.90531178,-17.53975298,-149.900506,138.888746616388,22.5,"CVSeasonal_Salinity",0.00413208750215057
"18","V1",23.90531178,-17.53975298,-149.900506,138.888746616388,22.5,"CVSeasonal_pH",0.0069979613758072
"19","V1",23.90531178,-17.53975298,-149.900506,138.888746616388,22.5,"CVSeasonal_Temperature",0.0143597606586868
"20","V1",23.90531178,-17.53975298,-149.900506,138.888746616388,22.5,"CVSeasonal_TA",0.00526012552816512
"21","V1",23.90531178,-17.53975298,-149.900506,138.888746616388,22.5,"CVSeasonal_NN_umolL",0.587643060524836
"22","V1",23.90531178,-17.53975298,-149.900506,138.888746616388,22.5,"CVSeasonal_Silicate_umolL",0.83448453625634
"23","V1",23.90531178,-17.53975298,-149.900506,138.888746616388,22.5,"CVSeasonal_Ammonia_umolL",0.569590984901109
"24","V1",23.90531178,-17.53975298,-149.900506,138.888746616388,22.5,"CVSeasonal_Phosphate_umolL",0.115267637340333
"25","V1",23.90531178,-17.53975298,-149.900506,138.888746616388,22.5,"pc1",4.56367054387818
"26","V1",23.90531178,-17.53975298,-149.900506,138.888746616388,22.5,"pc2",1.78791319678419
"27","V10",38.67261905,-17.54030501,-149.899788,48.508833727235,28.5,"Maximum_Salinity",36.61
"28","V10",38.67261905,-17.54030501,-149.899788,48.508833727235,28.5,"Maximum_pH",8.04179062100226
"29","V10",38.67261905,-17.54030501,-149.899788,48.508833727235,28.5,"Maximum_Temperature",29.51
"30","V10",38.67261905,-17.54030501,-149.899788,48.508833727235,28.5,"Maximum_TA",2355.541037
"31","V10",38.67261905,-17.54030501,-149.899788,48.508833727235,28.5,"Maximum_NN_umolL",0.185062483
"32","V10",38.67261905,-17.54030501,-149.899788,48.508833727235,28.5,"Maximum_TA",2355.541037
"33","V10",38.67261905,-17.54030501,-149.899788,48.508833727235,28.5,"Maximum_NN_umolL",0.185062483
"34","V10",38.67261905,-17.54030501,-149.899788,48.508833727235,28.5,"Maximum_Silicate_umolL",1.241850345
"35","V10",38.67261905,-17.54030501,-149.899788,48.508833727235,28.5,"Maximum_Phosphate_umolL",0.15502195
"36","V10",38.67261905,-17.54030501,-149.899788,48.508833727235,28.5,"Minimum_Salinity",36.56
"37","V10",38.67261905,-17.54030501,-149.899788,48.508833727235,28.5,"Minimum_pH",7.94124957292288
"38","V10",38.67261905,-17.54030501,-149.899788,48.508833727235,28.5,"Minimum_Temperature",28.71
"39","V10",38.67261905,-17.54030501,-149.899788,48.508833727235,28.5,"MeanSeasonal_TA",2342.7591525
"40","V10",38.67261905,-17.54030501,-149.899788,48.508833727235,28.5,"MeanSeasonal_NN_umolL",0.12715325425
"41","V10",38.67261905,-17.54030501,-149.899788,48.508833727235,28.5,"MeanSeasonal_Silicate_umolL",1.07563415825
"42","V10",38.67261905,-17.54030501,-149.899788,48.508833727235,28.5,"MeanSeasonal_Phosphate_umolL",0.143884336
"43","V10",38.67261905,-17.54030501,-149.899788,48.508833727235,28.5,"CVSeasonal_Salinity",0.000669442400323334
"44","V10",38.67261905,-17.54030501,-149.899788,48.508833727235,28.5,"CVSeasonal_pH",0.00599553430076695
"45","V10",38.67261905,-17.54030501,-149.899788,48.508833727235,28.5,"CVSeasonal_Temperature",0.0116891594426095
"46","V10",38.67261905,-17.54030501,-149.899788,48.508833727235,28.5,"CVSeasonal_TA",0.00454327201329267
"47","V10",38.67261905,-17.54030501,-149.899788,48.508833727235,28.5,"CVSeasonal_NN_umolL",0.389688968284456
"48","V10",38.67261905,-17.54030501,-149.899788,48.508833727235,28.5,"CVSeasonal_Silicate_umolL",0.108061431907272
"49","V10",38.67261905,-17.54030501,-149.899788,48.508833727235,28.5,"CVSeasonal_Ammonia_umolL",0.36683403746837
"50","V10",38.67261905,-17.54030501,-149.899788,48.508833727235,28.5,"CVSeasonal_Phosphate_umolL",0.0636228184878692
"51","V10",38.67261905,-17.54030501,-149.899788,48.508833727235,28.5,"pc1",-3.77785752889454
"52","V10",38.67261905,-17.54030501,-149.899788,48.508833727235,28.5,"pc2",-0.503945860143397
"53","V11",30.92994012,-17.54019303,-149.900068,79.1628654576409,34,"Maximum_Salinity",36.63
"54","V11",30.92994012,-17.54019303,-149.900068,79.1628654576409,34,"Maximum_pH",8.0428857767403
"55","V11",30.92994012,-17.54019303,-149.900068,79.1628654576409,34,"Maximum_Temperature",29.3
"56","V11",30.92994012,-17.54019303,-149.900068,79.1628654576409,34,"Maximum_TA",2385.505837
"57","V11",30.92994012,-17.54019303,-149.900068,79.1628654576409,34,"Maximum_NN_umolL",0.540719787
"58","V11",30.92994012,-17.54019303,-149.900068,79.1628654576409,34,"Maximum_TA",2385.505837
"59","V11",30.92994012,-17.54019303,-149.900068,79.1628654576409,34,"Maximum_NN_umolL",0.540719787
"60","V11",30.92994012,-17.54019303,-149.900068,79.1628654576409,34,"Maximum_Silicate_umolL",3.202180346
"61","V11",30.92994012,-17.54019303,-149.900068,79.1628654576409,34,"Maximum_Phosphate_umolL",0.173538235
"62","V11",30.92994012,-17.54019303,-149.900068,79.1628654576409,34,"Minimum_Salinity",36.37
"63","V11",30.92994012,-17.54019303,-149.900068,79.1628654576409,34,"Minimum_pH",7.94159186919343
"64","V11",30.92994012,-17.54019303,-149.900068,79.1628654576409,34,"Minimum_Temperature",28.45
"65","V11",30.92994012,-17.54019303,-149.900068,79.1628654576409,34,"MeanSeasonal_TA",2345.01406875
"66","V11",30.92994012,-17.54019303,-149.900068,79.1628654576409,34,"MeanSeasonal_NN_umolL",0.312372656
"67","V11",30.92994012,-17.54019303,-149.900068,79.1628654576409,34,"MeanSeasonal_Silicate_umolL",1.5618229945
"68","V11",30.92994012,-17.54019303,-149.900068,79.1628654576409,34,"MeanSeasonal_Phosphate_umolL",0.15512636575
"69","V11",30.92994012,-17.54019303,-149.900068,79.1628654576409,34,"CVSeasonal_Salinity",0.00320206322655692
"70","V11",30.92994012,-17.54019303,-149.900068,79.1628654576409,34,"CVSeasonal_pH",0.00592711477201897
"71","V11",30.92994012,-17.54019303,-149.900068,79.1628654576409,34,"CVSeasonal_Temperature",0.0127809929017238
"72","V11",30.92994012,-17.54019303,-149.900068,79.1628654576409,34,"CVSeasonal_TA",0.0123621147743655
"73","V11",30.92994012,-17.54019303,-149.900068,79.1628654576409,34,"CVSeasonal_NN_umolL",0.632275527277943
"74","V11",30.92994012,-17.54019303,-149.900068,79.1628654576409,34,"CVSeasonal_Silicate_umolL",0.700617630140418
"75","V11",30.92994012,-17.54019303,-149.900068,79.1628654576409,34,"CVSeasonal_Ammonia_umolL",0.447808383464236
"76","V11",30.92994012,-17.54019303,-149.900068,79.1628654576409,34,"CVSeasonal_Phosphate_umolL",0.118546777544581
"77","V11",30.92994012,-17.54019303,-149.900068,79.1628654576409,34,"pc1",2.07069199681095
"78","V11",30.92994012,-17.54019303,-149.900068,79.1628654576409,34,"pc2",-0.854040295039523
"79","V12",30.71669794,-17.54030996,-149.900112,82.9029737477621,47,"Maximum_Salinity",36.63
"80","V12",30.71669794,-17.54030996,-149.900112,82.9029737477621,47,"Maximum_pH",8.04805275096319
"81","V12",30.71669794,-17.54030996,-149.900112,82.9029737477621,47,"Maximum_Temperature",29.38
"82","V12",30.71669794,-17.54030996,-149.900112,82.9029737477621,47,"Maximum_TA",2356.102916
"83","V12",30.71669794,-17.54030996,-149.900112,82.9029737477621,47,"Maximum_NN_umolL",0.25716736
"84","V12",30.71669794,-17.54030996,-149.900112,82.9029737477621,47,"Maximum_TA",2356.102916
"85","V12",30.71669794,-17.54030996,-149.900112,82.9029737477621,47,"Maximum_NN_umolL",0.25716736
"86","V12",30.71669794,-17.54030996,-149.900112,82.9029737477621,47,"Maximum_Silicate_umolL",1.077105098
"87","V12",30.71669794,-17.54030996,-149.900112,82.9029737477621,47,"Maximum_Phosphate_umolL",0.163143128
"88","V12",30.71669794,-17.54030996,-149.900112,82.9029737477621,47,"Minimum_Salinity",36.5
"89","V12",30.71669794,-17.54030996,-149.900112,82.9029737477621,47,"Minimum_pH",7.94470926351412
"90","V12",30.71669794,-17.54030996,-149.900112,82.9029737477621,47,"Minimum_Temperature",28.48
"91","V12",30.71669794,-17.54030996,-149.900112,82.9029737477621,47,"MeanSeasonal_TA",2336.702701
"92","V12",30.71669794,-17.54030996,-149.900112,82.9029737477621,47,"MeanSeasonal_NN_umolL",0.162079054
"93","V12",30.71669794,-17.54030996,-149.900112,82.9029737477621,47,"MeanSeasonal_Silicate_umolL",0.96341011075
"94","V12",30.71669794,-17.54030996,-149.900112,82.9029737477621,47,"MeanSeasonal_Phosphate_umolL",0.14585662175
"95","V12",30.71669794,-17.54030996,-149.900112,82.9029737477621,47,"CVSeasonal_Salinity",0.00152013554030142
"96","V12",30.71669794,-17.54030996,-149.900112,82.9029737477621,47,"CVSeasonal_pH",0.00589034617708634
"97","V12",30.71669794,-17.54030996,-149.900112,82.9029737477621,47,"CVSeasonal_Temperature",0.0131875048055945
"98","V12",30.71669794,-17.54030996,-149.900112,82.9029737477621,47,"CVSeasonal_TA",0.00651538323922837
"99","V12",30.71669794,-17.54030996,-149.900112,82.9029737477621,47,"CVSeasonal_NN_umolL",0.408228884029088
"100","V12",30.71669794,-17.54030996,-149.900112,82.9029737477621,47,"CVSeasonal_Silicate_umolL",0.0798030066214903
"101","V12",30.71669794,-17.54030996,-149.900112,82.9029737477621,47,"CVSeasonal_Ammonia_umolL",0.249965451546712
"102","V12",30.71669794,-17.54030996,-149.900112,82.9029737477621,47,"CVSeasonal_Phosphate_umolL",0.0925238184362078
"103","V12",30.71669794,-17.54030996,-149.900112,82.9029737477621,47,"pc1",-2.84300557033606
"104","V12",30.71669794,-17.54030996,-149.900112,82.9029737477621,47,"pc2",-0.278399859534756
"105","V13",24.625,-17.540749,-149.899133,-54.0160089962688,NA,"Maximum_Salinity",36.6
"106","V13",24.625,-17.540749,-149.899133,-54.0160089962688,NA,"Maximum_pH",8.03491097984902
"107","V13",24.625,-17.540749,-149.899133,-54.0160089962688,NA,"Maximum_Temperature",29.43
"108","V13",24.625,-17.540749,-149.899133,-54.0160089962688,NA,"Maximum_TA",2350.382849
"109","V13",24.625,-17.540749,-149.899133,-54.0160089962688,NA,"Maximum_NN_umolL",0.34603662
"110","V13",24.625,-17.540749,-149.899133,-54.0160089962688,NA,"Maximum_TA",2350.382849
"111","V13",24.625,-17.540749,-149.899133,-54.0160089962688,NA,"Maximum_NN_umolL",0.34603662
"112","V13",24.625,-17.540749,-149.899133,-54.0160089962688,NA,"Maximum_Silicate_umolL",1.410056627
"113","V13",24.625,-17.540749,-149.899133,-54.0160089962688,NA,"Maximum_Phosphate_umolL",0.164488923
"114","V13",24.625,-17.540749,-149.899133,-54.0160089962688,NA,"Minimum_Salinity",36.38
"115","V13",24.625,-17.540749,-149.899133,-54.0160089962688,NA,"Minimum_pH",7.93241582918226
"116","V13",24.625,-17.540749,-149.899133,-54.0160089962688,NA,"Minimum_Temperature",28.56
"117","V13",24.625,-17.540749,-149.899133,-54.0160089962688,NA,"MeanSeasonal_TA",2334.69966275
"118","V13",24.625,-17.540749,-149.899133,-54.0160089962688,NA,"MeanSeasonal_NN_umolL",0.23977205825
"119","V13",24.625,-17.540749,-149.899133,-54.0160089962688,NA,"MeanSeasonal_Silicate_umolL",1.2980921575
"120","V13",24.625,-17.540749,-149.899133,-54.0160089962688,NA,"MeanSeasonal_Phosphate_umolL",0.15119339575
"121","V13",24.625,-17.540749,-149.899133,-54.0160089962688,NA,"CVSeasonal_Salinity",0.00285672067418566
"122","V13",24.625,-17.540749,-149.899133,-54.0160089962688,NA,"CVSeasonal_pH",0.00616655591222137
"123","V13",24.625,-17.540749,-149.899133,-54.0160089962688,NA,"CVSeasonal_Temperature",0.0134569290956659
"124","V13",24.625,-17.540749,-149.899133,-54.0160089962688,NA,"CVSeasonal_TA",0.00546285003490824
"125","V13",24.625,-17.540749,-149.899133,-54.0160089962688,NA,"CVSeasonal_NN_umolL",0.405765574908517
"126","V13",24.625,-17.540749,-149.899133,-54.0160089962688,NA,"CVSeasonal_Silicate_umolL",0.0828942792821376
"127","V13",24.625,-17.540749,-149.899133,-54.0160089962688,NA,"CVSeasonal_Ammonia_umolL",1.24396740938379
"128","V13",24.625,-17.540749,-149.899133,-54.0160089962688,NA,"CVSeasonal_Phosphate_umolL",0.0851855341508357
"129","V13",24.625,-17.540749,-149.899133,-54.0160089962688,NA,"pc1",-1.21420328190597
"130","V13",24.625,-17.540749,-149.899133,-54.0160089962688,NA,"pc2",-0.556048968950928
"131","V14",33.95641026,-17.54039696,-149.899396,12.6231845635526,17,"Maximum_Salinity",36.57
"132","V14",33.95641026,-17.54039696,-149.899396,12.6231845635526,17,"Maximum_pH",8.01550462116522
"133","V14",33.95641026,-17.54039696,-149.899396,12.6231845635526,17,"Maximum_Temperature",29.4
"134","V14",33.95641026,-17.54039696,-149.899396,12.6231845635526,17,"Maximum_TA",2354.98
"135","V14",33.95641026,-17.54039696,-149.899396,12.6231845635526,17,"Maximum_NN_umolL",0.279610003
"136","V14",33.95641026,-17.54039696,-149.899396,12.6231845635526,17,"Maximum_TA",2354.98
"137","V14",33.95641026,-17.54039696,-149.899396,12.6231845635526,17,"Maximum_NN_umolL",0.279610003
"138","V14",33.95641026,-17.54039696,-149.899396,12.6231845635526,17,"Maximum_Silicate_umolL",3.467295597
"139","V14",33.95641026,-17.54039696,-149.899396,12.6231845635526,17,"Maximum_Phosphate_umolL",0.163235941
"140","V14",33.95641026,-17.54039696,-149.899396,12.6231845635526,17,"Minimum_Salinity",36.47
"141","V14",33.95641026,-17.54039696,-149.899396,12.6231845635526,17,"Minimum_pH",7.91501466060074
"142","V14",33.95641026,-17.54039696,-149.899396,12.6231845635526,17,"Minimum_Temperature",28.53
"143","V14",33.95641026,-17.54039696,-149.899396,12.6231845635526,17,"MeanSeasonal_TA",2333.84
"144","V14",33.95641026,-17.54039696,-149.899396,12.6231845635526,17,"MeanSeasonal_NN_umolL",0.20405761175
"145","V14",33.95641026,-17.54039696,-149.899396,12.6231845635526,17,"MeanSeasonal_Silicate_umolL",2.9075597755
"146","V14",33.95641026,-17.54039696,-149.899396,12.6231845635526,17,"MeanSeasonal_Phosphate_umolL",0.1533397065
"147","V14",33.95641026,-17.54039696,-149.899396,12.6231845635526,17,"CVSeasonal_Salinity",0.0011484419149067
"148","V14",33.95641026,-17.54039696,-149.899396,12.6231845635526,17,"CVSeasonal_pH",0.00646336897598573
"149","V14",33.95641026,-17.54039696,-149.899396,12.6231845635526,17,"CVSeasonal_Temperature",0.0142384152517647
"150","V14",33.95641026,-17.54039696,-149.899396,12.6231845635526,17,"CVSeasonal_TA",0.0062787480786819
"151","V14",33.95641026,-17.54039696,-149.899396,12.6231845635526,17,"CVSeasonal_NN_umolL",0.247278205920884
"152","V14",33.95641026,-17.54039696,-149.899396,12.6231845635526,17,"CVSeasonal_Silicate_umolL",0.209998962792667
"153","V14",33.95641026,-17.54039696,-149.899396,12.6231845635526,17,"CVSeasonal_Ammonia_umolL",0.086501946432668
"154","V14",33.95641026,-17.54039696,-149.899396,12.6231845635526,17,"CVSeasonal_Phosphate_umolL",0.0556118995537727
"155","V14",33.95641026,-17.54039696,-149.899396,12.6231845635526,17,"pc1",-1.20718869573306
"156","V14",33.95641026,-17.54039696,-149.899396,12.6231845635526,17,"pc2",2.72059418327736
"157","V15",35.00834725,-17.54014299,-149.900183,92.1505184174103,36,"Maximum_Salinity",36.59
"158","V15",35.00834725,-17.54014299,-149.900183,92.1505184174103,36,"Maximum_pH",8.03610170117537
"159","V15",35.00834725,-17.54014299,-149.900183,92.1505184174103,36,"Maximum_Temperature",29.4
"160","V15",35.00834725,-17.54014299,-149.900183,92.1505184174103,36,"Maximum_TA",2352.742306
"161","V15",35.00834725,-17.54014299,-149.900183,92.1505184174103,36,"Maximum_NN_umolL",0.529273138
"162","V15",35.00834725,-17.54014299,-149.900183,92.1505184174103,36,"Maximum_TA",2352.742306
"163","V15",35.00834725,-17.54014299,-149.900183,92.1505184174103,36,"Maximum_NN_umolL",0.529273138
"164","V15",35.00834725,-17.54014299,-149.900183,92.1505184174103,36,"Maximum_Silicate_umolL",4.175077174
"165","V15",35.00834725,-17.54014299,-149.900183,92.1505184174103,36,"Maximum_Phosphate_umolL",0.179246262
"166","V15",35.00834725,-17.54014299,-149.900183,92.1505184174103,36,"Minimum_Salinity",36.38
"167","V15",35.00834725,-17.54014299,-149.900183,92.1505184174103,36,"Minimum_pH",7.93708686049673
"168","V15",35.00834725,-17.54014299,-149.900183,92.1505184174103,36,"Minimum_Temperature",28.51
"169","V15",35.00834725,-17.54014299,-149.900183,92.1505184174103,36,"MeanSeasonal_TA",2335.6039275
"170","V15",35.00834725,-17.54014299,-149.900183,92.1505184174103,36,"MeanSeasonal_NN_umolL",0.30326941575
"171","V15",35.00834725,-17.54014299,-149.900183,92.1505184174103,36,"MeanSeasonal_Silicate_umolL",1.95369863775
"172","V15",35.00834725,-17.54014299,-149.900183,92.1505184174103,36,"MeanSeasonal_Phosphate_umolL",0.162284603
"173","V15",35.00834725,-17.54014299,-149.900183,92.1505184174103,36,"CVSeasonal_Salinity",0.00271360312115514
"174","V15",35.00834725,-17.54014299,-149.900183,92.1505184174103,36,"CVSeasonal_pH",0.00593397834063707
"175","V15",35.00834725,-17.54014299,-149.900183,92.1505184174103,36,"CVSeasonal_Temperature",0.0132425480117949
"176","V15",35.00834725,-17.54014299,-149.900183,92.1505184174103,36,"CVSeasonal_TA",0.0054306092517487
"177","V15",35.00834725,-17.54014299,-149.900183,92.1505184174103,36,"CVSeasonal_NN_umolL",0.51947681174026
"178","V15",35.00834725,-17.54014299,-149.900183,92.1505184174103,36,"CVSeasonal_Silicate_umolL",0.772234149528157
"179","V15",35.00834725,-17.54014299,-149.900183,92.1505184174103,36,"CVSeasonal_Ammonia_umolL",1.20542530089924
"180","V15",35.00834725,-17.54014299,-149.900183,92.1505184174103,36,"CVSeasonal_Phosphate_umolL",0.0848408478921113
"181","V15",35.00834725,-17.54014299,-149.900183,92.1505184174103,36,"pc1",1.43237822069494
"182","V15",35.00834725,-17.54014299,-149.900183,92.1505184174103,36,"pc2",-0.758124500322271
"183","V16",41.37142857,-17.54029797,-149.900492,123.233668813241,70,"Maximum_Salinity",36.64
"184","V16",41.37142857,-17.54029797,-149.900492,123.233668813241,70,"Maximum_pH",8.05239901757699
"185","V16",41.37142857,-17.54029797,-149.900492,123.233668813241,70,"Maximum_Temperature",29.36
"186","V16",41.37142857,-17.54029797,-149.900492,123.233668813241,70,"Maximum_TA",2350.500981
"187","V16",41.37142857,-17.54029797,-149.900492,123.233668813241,70,"Maximum_NN_umolL",0.156671188
"188","V16",41.37142857,-17.54029797,-149.900492,123.233668813241,70,"Maximum_TA",2350.500981
"189","V16",41.37142857,-17.54029797,-149.900492,123.233668813241,70,"Maximum_NN_umolL",0.156671188
"190","V16",41.37142857,-17.54029797,-149.900492,123.233668813241,70,"Maximum_Silicate_umolL",1.469932526
"191","V16",41.37142857,-17.54029797,-149.900492,123.233668813241,70,"Maximum_Phosphate_umolL",0.164999397
"192","V16",41.37142857,-17.54029797,-149.900492,123.233668813241,70,"Minimum_Salinity",36.55
"193","V16",41.37142857,-17.54029797,-149.900492,123.233668813241,70,"Minimum_pH",7.9516011059132
"194","V16",41.37142857,-17.54029797,-149.900492,123.233668813241,70,"Minimum_Temperature",28.58
"195","V16",41.37142857,-17.54029797,-149.900492,123.233668813241,70,"MeanSeasonal_TA",2339.30751
"196","V16",41.37142857,-17.54029797,-149.900492,123.233668813241,70,"MeanSeasonal_NN_umolL",0.12591395175
"197","V16",41.37142857,-17.54029797,-149.900492,123.233668813241,70,"MeanSeasonal_Silicate_umolL",1.0702695545
"198","V16",41.37142857,-17.54029797,-149.900492,123.233668813241,70,"MeanSeasonal_Phosphate_umolL",0.1486758305
"199","V16",41.37142857,-17.54029797,-149.900492,123.233668813241,70,"CVSeasonal_Salinity",0.00103146860240057
"200","V16",41.37142857,-17.54029797,-149.900492,123.233668813241,70,"CVSeasonal_pH",0.00554418795723764
"201","V16",41.37142857,-17.54029797,-149.900492,123.233668813241,70,"CVSeasonal_Temperature",0.0119109249134523
"202","V16",41.37142857,-17.54029797,-149.900492,123.233668813241,70,"CVSeasonal_TA",0.0040368765585537
"203","V16",41.37142857,-17.54029797,-149.900492,123.233668813241,70,"CVSeasonal_NN_umolL",0.225832826479371
"204","V16",41.37142857,-17.54029797,-149.900492,123.233668813241,70,"CVSeasonal_Silicate_umolL",0.268131301518038
"205","V16",41.37142857,-17.54029797,-149.900492,123.233668813241,70,"CVSeasonal_Ammonia_umolL",0.326264299902629
"206","V16",41.37142857,-17.54029797,-149.900492,123.233668813241,70,"CVSeasonal_Phosphate_umolL",0.105185292974583
"207","V16",41.37142857,-17.54029797,-149.900492,123.233668813241,70,"pc1",-3.60453280937337
"208","V16",41.37142857,-17.54029797,-149.900492,123.233668813241,70,"pc2",-1.09168404587819
"209","V17",28.66973039,-17.54031901,-149.899572,25.6506204375272,18.5,"Maximum_Salinity",36.57
"210","V17",28.66973039,-17.54031901,-149.899572,25.6506204375272,18.5,"Maximum_pH",8.02131791089403
"211","V17",28.66973039,-17.54031901,-149.899572,25.6506204375272,18.5,"Maximum_Temperature",29.28
"212","V17",28.66973039,-17.54031901,-149.899572,25.6506204375272,18.5,"Maximum_TA",2351.13
"213","V17",28.66973039,-17.54031901,-149.899572,25.6506204375272,18.5,"Maximum_NN_umolL",0.344684654
"214","V17",28.66973039,-17.54031901,-149.899572,25.6506204375272,18.5,"Maximum_TA",2351.13
"215","V17",28.66973039,-17.54031901,-149.899572,25.6506204375272,18.5,"Maximum_NN_umolL",0.344684654
"216","V17",28.66973039,-17.54031901,-149.899572,25.6506204375272,18.5,"Maximum_Silicate_umolL",2.725595881
"217","V17",28.66973039,-17.54031901,-149.899572,25.6506204375272,18.5,"Maximum_Phosphate_umolL",0.152980054
"218","V17",28.66973039,-17.54031901,-149.899572,25.6506204375272,18.5,"Minimum_Salinity",36.46
"219","V17",28.66973039,-17.54031901,-149.899572,25.6506204375272,18.5,"Minimum_pH",7.92168029503636
"220","V17",28.66973039,-17.54031901,-149.899572,25.6506204375272,18.5,"Minimum_Temperature",28.46
"221","V17",28.66973039,-17.54031901,-149.899572,25.6506204375272,18.5,"MeanSeasonal_TA",2335.40666666667
"222","V17",28.66973039,-17.54031901,-149.899572,25.6506204375272,18.5,"MeanSeasonal_NN_umolL",0.243587608
"223","V17",28.66973039,-17.54031901,-149.899572,25.6506204375272,18.5,"MeanSeasonal_Silicate_umolL",2.59569171566667
"224","V17",28.66973039,-17.54031901,-149.899572,25.6506204375272,18.5,"MeanSeasonal_Phosphate_umolL",0.147844376333333
"225","V17",28.66973039,-17.54031901,-149.899572,25.6506204375272,18.5,"CVSeasonal_Salinity",0.0016041609628807
"226","V17",28.66973039,-17.54031901,-149.899572,25.6506204375272,18.5,"CVSeasonal_pH",0.00677997779042524
"227","V17",28.66973039,-17.54031901,-149.899572,25.6506204375272,18.5,"CVSeasonal_Temperature",0.0143251673202101
"228","V17",28.66973039,-17.54031901,-149.899572,25.6506204375272,18.5,"CVSeasonal_TA",0.00588329743097146
"229","V17",28.66973039,-17.54031901,-149.899572,25.6506204375272,18.5,"CVSeasonal_NN_umolL",0.368088297984485
"230","V17",28.66973039,-17.54031901,-149.899572,25.6506204375272,18.5,"CVSeasonal_Silicate_umolL",0.0450076000386639
"231","V17",28.66973039,-17.54031901,-149.899572,25.6506204375272,18.5,"CVSeasonal_Ammonia_umolL",0.139967169819339
"232","V17",28.66973039,-17.54031901,-149.899572,25.6506204375272,18.5,"CVSeasonal_Phosphate_umolL",0.0402100683242198
"233","V17",28.66973039,-17.54031901,-149.899572,25.6506204375272,18.5,"pc1",-1.45591766937283
"234","V17",28.66973039,-17.54031901,-149.899572,25.6506204375272,18.5,"pc2",2.89806277826592
"235","V18",33.68399533,-17.54019697,-149.899906,62.1424564678648,25,"Maximum_Salinity",36.6
"236","V18",33.68399533,-17.54019697,-149.899906,62.1424564678648,25,"Maximum_pH",8.04512481118532
"237","V18",33.68399533,-17.54019697,-149.899906,62.1424564678648,25,"Maximum_Temperature",29.07
"238","V18",33.68399533,-17.54019697,-149.899906,62.1424564678648,25,"Maximum_TA",2389.34
"239","V18",33.68399533,-17.54019697,-149.899906,62.1424564678648,25,"Maximum_NN_umolL",0.669156598
"240","V18",33.68399533,-17.54019697,-149.899906,62.1424564678648,25,"Maximum_TA",2389.34
"241","V18",33.68399533,-17.54019697,-149.899906,62.1424564678648,25,"Maximum_NN_umolL",0.669156598
"242","V18",33.68399533,-17.54019697,-149.899906,62.1424564678648,25,"Maximum_Silicate_umolL",7.738904509
"243","V18",33.68399533,-17.54019697,-149.899906,62.1424564678648,25,"Maximum_Phosphate_umolL",0.201475084
"244","V18",33.68399533,-17.54019697,-149.899906,62.1424564678648,25,"Minimum_Salinity",36
"245","V18",33.68399533,-17.54019697,-149.899906,62.1424564678648,25,"Minimum_pH",7.93422031771756
"246","V18",33.68399533,-17.54019697,-149.899906,62.1424564678648,25,"Minimum_Temperature",28.61
"247","V18",33.68399533,-17.54019697,-149.899906,62.1424564678648,25,"MeanSeasonal_TA",2352.62175
"248","V18",33.68399533,-17.54019697,-149.899906,62.1424564678648,25,"MeanSeasonal_NN_umolL",0.35287161675
"249","V18",33.68399533,-17.54019697,-149.899906,62.1424564678648,25,"MeanSeasonal_Silicate_umolL",2.779959394
"250","V18",33.68399533,-17.54019697,-149.899906,62.1424564678648,25,"MeanSeasonal_Phosphate_umolL",0.169997543
"251","V18",33.68399533,-17.54019697,-149.899906,62.1424564678648,25,"CVSeasonal_Salinity",0.00801188916747581
"252","V18",33.68399533,-17.54019697,-149.899906,62.1424564678648,25,"CVSeasonal_pH",0.00647562245190951
"253","V18",33.68399533,-17.54019697,-149.899906,62.1424564678648,25,"CVSeasonal_Temperature",0.00669264713670736
"254","V18",33.68399533,-17.54019697,-149.899906,62.1424564678648,25,"CVSeasonal_TA",0.0110077584024749
"255","V18",33.68399533,-17.54019697,-149.899906,62.1424564678648,25,"CVSeasonal_NN_umolL",0.74652361025881
"256","V18",33.68399533,-17.54019697,-149.899906,62.1424564678648,25,"CVSeasonal_Silicate_umolL",1.19120693664875
"257","V18",33.68399533,-17.54019697,-149.899906,62.1424564678648,25,"CVSeasonal_Ammonia_umolL",1.62037590325557
"258","V18",33.68399533,-17.54019697,-149.899906,62.1424564678648,25,"CVSeasonal_Phosphate_umolL",0.179044294142697
"259","V18",33.68399533,-17.54019697,-149.899906,62.1424564678648,25,"pc1",8.07194365001303
"260","V18",33.68399533,-17.54019697,-149.899906,62.1424564678648,25,"pc2",-4.08767227916536
"261","V19",25.41082803,-17.54050802,-149.89978,52.8895347811233,45,"Maximum_Salinity",36.62
"262","V19",25.41082803,-17.54050802,-149.89978,52.8895347811233,45,"Maximum_pH",8.04730720202828
"263","V19",25.41082803,-17.54050802,-149.89978,52.8895347811233,45,"Maximum_Temperature",29.37
"264","V19",25.41082803,-17.54050802,-149.89978,52.8895347811233,45,"Maximum_TA",2343.707945
"265","V19",25.41082803,-17.54050802,-149.89978,52.8895347811233,45,"Maximum_NN_umolL",0.37666396
"266","V19",25.41082803,-17.54050802,-149.89978,52.8895347811233,45,"Maximum_TA",2343.707945
"267","V19",25.41082803,-17.54050802,-149.89978,52.8895347811233,45,"Maximum_NN_umolL",0.37666396
"268","V19",25.41082803,-17.54050802,-149.89978,52.8895347811233,45,"Maximum_Silicate_umolL",1.185435481
"269","V19",25.41082803,-17.54050802,-149.89978,52.8895347811233,45,"Maximum_Phosphate_umolL",0.187056048
"270","V19",25.41082803,-17.54050802,-149.89978,52.8895347811233,45,"Minimum_Salinity",36.52
"271","V19",25.41082803,-17.54050802,-149.89978,52.8895347811233,45,"Minimum_pH",7.9501934177493
"272","V19",25.41082803,-17.54050802,-149.89978,52.8895347811233,45,"Minimum_Temperature",28.63
"273","V19",25.41082803,-17.54050802,-149.89978,52.8895347811233,45,"MeanSeasonal_TA",2332.9028455
"274","V19",25.41082803,-17.54050802,-149.89978,52.8895347811233,45,"MeanSeasonal_NN_umolL",0.1584244365
"275","V19",25.41082803,-17.54050802,-149.89978,52.8895347811233,45,"MeanSeasonal_Silicate_umolL",0.9303102205
"276","V19",25.41082803,-17.54050802,-149.89978,52.8895347811233,45,"MeanSeasonal_Phosphate_umolL",0.14703175575
"277","V19",25.41082803,-17.54050802,-149.89978,52.8895347811233,45,"CVSeasonal_Salinity",0.0013648669657868
"278","V19",25.41082803,-17.54050802,-149.89978,52.8895347811233,45,"CVSeasonal_pH",0.00549304973337128
"279","V19",25.41082803,-17.54050802,-149.89978,52.8895347811233,45,"CVSeasonal_Temperature",0.0111546907210099
"280","V19",25.41082803,-17.54050802,-149.89978,52.8895347811233,45,"CVSeasonal_TA",0.0045345514795255
"281","V19",25.41082803,-17.54050802,-149.89978,52.8895347811233,45,"CVSeasonal_NN_umolL",0.922973274274469
"282","V19",25.41082803,-17.54050802,-149.89978,52.8895347811233,45,"CVSeasonal_Silicate_umolL",0.199730302601287
"283","V19",25.41082803,-17.54050802,-149.89978,52.8895347811233,45,"CVSeasonal_Ammonia_umolL",1.034902546061
"284","V19",25.41082803,-17.54050802,-149.89978,52.8895347811233,45,"CVSeasonal_Phosphate_umolL",0.207626662779082
"285","V19",25.41082803,-17.54050802,-149.89978,52.8895347811233,45,"pc1",-1.66136185232706
"286","V19",25.41082803,-17.54050802,-149.89978,52.8895347811233,45,"pc2",-4.32344670315969
"287","V2",23.04997254,-17.53989003,-149.900519,134.17932919465,35,"Maximum_Salinity",36.64
"288","V2",23.04997254,-17.53989003,-149.900519,134.17932919465,35,"Maximum_pH",8.03991681797496
"289","V2",23.04997254,-17.53989003,-149.900519,134.17932919465,35,"Maximum_Temperature",29.32
"290","V2",23.04997254,-17.53989003,-149.900519,134.17932919465,35,"Maximum_TA",2360.453386
"291","V2",23.04997254,-17.53989003,-149.900519,134.17932919465,35,"Maximum_NN_umolL",0.620575938
"292","V2",23.04997254,-17.53989003,-149.900519,134.17932919465,35,"Maximum_TA",2360.453386
"293","V2",23.04997254,-17.53989003,-149.900519,134.17932919465,35,"Maximum_NN_umolL",0.620575938
"294","V2",23.04997254,-17.53989003,-149.900519,134.17932919465,35,"Maximum_Silicate_umolL",3.700915433
"295","V2",23.04997254,-17.53989003,-149.900519,134.17932919465,35,"Maximum_Phosphate_umolL",0.174559182
"296","V2",23.04997254,-17.53989003,-149.900519,134.17932919465,35,"Minimum_Salinity",36.42
"297","V2",23.04997254,-17.53989003,-149.900519,134.17932919465,35,"Minimum_pH",7.92523676833072
"298","V2",23.04997254,-17.53989003,-149.900519,134.17932919465,35,"Minimum_Temperature",28.43
"299","V2",23.04997254,-17.53989003,-149.900519,134.17932919465,35,"MeanSeasonal_TA",2346.84460025
"300","V2",23.04997254,-17.53989003,-149.900519,134.17932919465,35,"MeanSeasonal_NN_umolL",0.38461272925
"301","V2",23.04997254,-17.53989003,-149.900519,134.17932919465,35,"MeanSeasonal_Silicate_umolL",1.911820119
"302","V2",23.04997254,-17.53989003,-149.900519,134.17932919465,35,"MeanSeasonal_Phosphate_umolL",0.16280667875
"303","V2",23.04997254,-17.53989003,-149.900519,134.17932919465,35,"CVSeasonal_Salinity",0.00251180950272774
"304","V2",23.04997254,-17.53989003,-149.900519,134.17932919465,35,"CVSeasonal_pH",0.00659803065590996
"305","V2",23.04997254,-17.53989003,-149.900519,134.17932919465,35,"CVSeasonal_Temperature",0.0135672059840807
"306","V2",23.04997254,-17.53989003,-149.900519,134.17932919465,35,"CVSeasonal_TA",0.00467879443614782
"307","V2",23.04997254,-17.53989003,-149.900519,134.17932919465,35,"CVSeasonal_NN_umolL",0.430535010827964
"308","V2",23.04997254,-17.53989003,-149.900519,134.17932919465,35,"CVSeasonal_Silicate_umolL",0.647667199675308
"309","V2",23.04997254,-17.53989003,-149.900519,134.17932919465,35,"CVSeasonal_Ammonia_umolL",0.611355073313376
"310","V2",23.04997254,-17.53989003,-149.900519,134.17932919465,35,"CVSeasonal_Phosphate_umolL",0.0773591266232828
"311","V2",23.04997254,-17.53989003,-149.900519,134.17932919465,35,"pc1",1.95520892912919
"312","V2",23.04997254,-17.53989003,-149.900519,134.17932919465,35,"pc2",1.34309430393126
"313","V20",28.0384356,-17.54045103,-149.899509,25.1434551955366,29,"Maximum_Salinity",36.66
"314","V20",28.0384356,-17.54045103,-149.899509,25.1434551955366,29,"Maximum_pH",8.03362668845326
"315","V20",28.0384356,-17.54045103,-149.899509,25.1434551955366,29,"Maximum_Temperature",29.4
"316","V20",28.0384356,-17.54045103,-149.899509,25.1434551955366,29,"Maximum_TA",2347.161306
"317","V20",28.0384356,-17.54045103,-149.899509,25.1434551955366,29,"Maximum_NN_umolL",0.28925403
"318","V20",28.0384356,-17.54045103,-149.899509,25.1434551955366,29,"Maximum_TA",2347.161306
"319","V20",28.0384356,-17.54045103,-149.899509,25.1434551955366,29,"Maximum_NN_umolL",0.28925403
"320","V20",28.0384356,-17.54045103,-149.899509,25.1434551955366,29,"Maximum_Silicate_umolL",1.495544182
"321","V20",28.0384356,-17.54045103,-149.899509,25.1434551955366,29,"Maximum_Phosphate_umolL",0.166438005
"322","V20",28.0384356,-17.54045103,-149.899509,25.1434551955366,29,"Minimum_Salinity",36.52
"323","V20",28.0384356,-17.54045103,-149.899509,25.1434551955366,29,"Minimum_pH",7.93085765164605
"324","V20",28.0384356,-17.54045103,-149.899509,25.1434551955366,29,"Minimum_Temperature",28.53
"325","V20",28.0384356,-17.54045103,-149.899509,25.1434551955366,29,"MeanSeasonal_TA",2325.32547025
"326","V20",28.0384356,-17.54045103,-149.899509,25.1434551955366,29,"MeanSeasonal_NN_umolL",0.18107418225
"327","V20",28.0384356,-17.54045103,-149.899509,25.1434551955366,29,"MeanSeasonal_Silicate_umolL",1.36281350475
"328","V20",28.0384356,-17.54045103,-149.899509,25.1434551955366,29,"MeanSeasonal_Phosphate_umolL",0.15425623925
"329","V20",28.0384356,-17.54045103,-149.899509,25.1434551955366,29,"CVSeasonal_Salinity",0.00158554403475232
"330","V20",28.0384356,-17.54045103,-149.899509,25.1434551955366,29,"CVSeasonal_pH",0.00617055514878337
"331","V20",28.0384356,-17.54045103,-149.899509,25.1434551955366,29,"CVSeasonal_Temperature",0.0142384152517647
"332","V20",28.0384356,-17.54045103,-149.899509,25.1434551955366,29,"CVSeasonal_TA",0.00667944462727745
"333","V20",28.0384356,-17.54045103,-149.899509,25.1434551955366,29,"CVSeasonal_NN_umolL",0.440823970329051
"334","V20",28.0384356,-17.54045103,-149.899509,25.1434551955366,29,"CVSeasonal_Silicate_umolL",0.104634482828553
"335","V20",28.0384356,-17.54045103,-149.899509,25.1434551955366,29,"CVSeasonal_Ammonia_umolL",0.553984254826027
"336","V20",28.0384356,-17.54045103,-149.899509,25.1434551955366,29,"CVSeasonal_Phosphate_umolL",0.0559541515342721
"337","V20",28.0384356,-17.54045103,-149.899509,25.1434551955366,29,"pc1",-2.3301624759133
"338","V20",28.0384356,-17.54045103,-149.899509,25.1434551955366,29,"pc2",0.624054368354185
"339","V3",30.0673661,-17.54012598,-149.90056,131.914079592548,59,"Maximum_Salinity",36.63
"340","V3",30.0673661,-17.54012598,-149.90056,131.914079592548,59,"Maximum_pH",8.04658244233596
"341","V3",30.0673661,-17.54012598,-149.90056,131.914079592548,59,"Maximum_Temperature",29.31
"342","V3",30.0673661,-17.54012598,-149.90056,131.914079592548,59,"Maximum_TA",2361.344489
"343","V3",30.0673661,-17.54012598,-149.90056,131.914079592548,59,"Maximum_NN_umolL",0.458430097
"344","V3",30.0673661,-17.54012598,-149.90056,131.914079592548,59,"Maximum_TA",2361.344489
"345","V3",30.0673661,-17.54012598,-149.90056,131.914079592548,59,"Maximum_NN_umolL",0.458430097
"346","V3",30.0673661,-17.54012598,-149.90056,131.914079592548,59,"Maximum_Silicate_umolL",3.033281857
"347","V3",30.0673661,-17.54012598,-149.90056,131.914079592548,59,"Maximum_Phosphate_umolL",0.165463464
"348","V3",30.0673661,-17.54012598,-149.90056,131.914079592548,59,"Minimum_Salinity",36.43
"349","V3",30.0673661,-17.54012598,-149.90056,131.914079592548,59,"Minimum_pH",7.91742562590164
"350","V3",30.0673661,-17.54012598,-149.90056,131.914079592548,59,"Minimum_Temperature",28.48
"351","V3",30.0673661,-17.54012598,-149.90056,131.914079592548,59,"MeanSeasonal_TA",2348.57690275
"352","V3",30.0673661,-17.54012598,-149.90056,131.914079592548,59,"MeanSeasonal_NN_umolL",0.278325635
"353","V3",30.0673661,-17.54012598,-149.90056,131.914079592548,59,"MeanSeasonal_Silicate_umolL",1.576878495
"354","V3",30.0673661,-17.54012598,-149.90056,131.914079592548,59,"MeanSeasonal_Phosphate_umolL",0.1495807615
"355","V3",30.0673661,-17.54012598,-149.90056,131.914079592548,59,"CVSeasonal_Salinity",0.00232155441155641
"356","V3",30.0673661,-17.54012598,-149.90056,131.914079592548,59,"CVSeasonal_pH",0.00710723760665999
"357","V3",30.0673661,-17.54012598,-149.90056,131.914079592548,59,"CVSeasonal_Temperature",0.0124463631416337
"358","V3",30.0673661,-17.54012598,-149.90056,131.914079592548,59,"CVSeasonal_TA",0.00480738198140519
"359","V3",30.0673661,-17.54012598,-149.90056,131.914079592548,59,"CVSeasonal_NN_umolL",0.467006053656628
"360","V3",30.0673661,-17.54012598,-149.90056,131.914079592548,59,"CVSeasonal_Silicate_umolL",0.629441699654178
"361","V3",30.0673661,-17.54012598,-149.90056,131.914079592548,59,"CVSeasonal_Ammonia_umolL",0.414037723779656
"362","V3",30.0673661,-17.54012598,-149.90056,131.914079592548,59,"CVSeasonal_Phosphate_umolL",0.166108543827357
"363","V3",30.0673661,-17.54012598,-149.90056,131.914079592548,59,"pc1",0.838508552044822
"364","V3",30.0673661,-17.54012598,-149.90056,131.914079592548,59,"pc2",0.63214049428084
"365","V4",39.90487239,-17.54024902,-149.900454,119.345220340569,63.5,"Maximum_Salinity",36.65
"366","V4",39.90487239,-17.54024902,-149.900454,119.345220340569,63.5,"Maximum_pH",8.05021091697143
"367","V4",39.90487239,-17.54024902,-149.900454,119.345220340569,63.5,"Maximum_Temperature",29.33
"368","V4",39.90487239,-17.54024902,-149.900454,119.345220340569,63.5,"Maximum_TA",2362.423851
"369","V4",39.90487239,-17.54024902,-149.900454,119.345220340569,63.5,"Maximum_NN_umolL",0.252300281
"370","V4",39.90487239,-17.54024902,-149.900454,119.345220340569,63.5,"Maximum_TA",2362.423851
"371","V4",39.90487239,-17.54024902,-149.900454,119.345220340569,63.5,"Maximum_NN_umolL",0.252300281
"372","V4",39.90487239,-17.54024902,-149.900454,119.345220340569,63.5,"Maximum_Silicate_umolL",1.174706274
"373","V4",39.90487239,-17.54024902,-149.900454,119.345220340569,63.5,"Maximum_Phosphate_umolL",0.163003907
"374","V4",39.90487239,-17.54024902,-149.900454,119.345220340569,63.5,"Minimum_Salinity",36.54
"375","V4",39.90487239,-17.54024902,-149.900454,119.345220340569,63.5,"Minimum_pH",7.94843547289435
"376","V4",39.90487239,-17.54024902,-149.900454,119.345220340569,63.5,"Minimum_Temperature",28.49
"377","V4",39.90487239,-17.54024902,-149.900454,119.345220340569,63.5,"MeanSeasonal_TA",2350.21746375
"378","V4",39.90487239,-17.54024902,-149.900454,119.345220340569,63.5,"MeanSeasonal_NN_umolL",0.20486879175
"379","V4",39.90487239,-17.54024902,-149.900454,119.345220340569,63.5,"MeanSeasonal_Silicate_umolL",0.97768687875
"380","V4",39.90487239,-17.54024902,-149.900454,119.345220340569,63.5,"MeanSeasonal_Phosphate_umolL",0.14257334575
"381","V4",39.90487239,-17.54024902,-149.900454,119.345220340569,63.5,"CVSeasonal_Salinity",0.00136468039385523
"382","V4",39.90487239,-17.54024902,-149.900454,119.345220340569,63.5,"CVSeasonal_pH",0.00567094660254628
"383","V4",39.90487239,-17.54024902,-149.900454,119.345220340569,63.5,"CVSeasonal_Temperature",0.0122452410203133
"384","V4",39.90487239,-17.54024902,-149.900454,119.345220340569,63.5,"CVSeasonal_TA",0.00435294486294735
"385","V4",39.90487239,-17.54024902,-149.900454,119.345220340569,63.5,"CVSeasonal_NN_umolL",0.157875816257036
"386","V4",39.90487239,-17.54024902,-149.900454,119.345220340569,63.5,"CVSeasonal_Silicate_umolL",0.14741166446304
"387","V4",39.90487239,-17.54024902,-149.900454,119.345220340569,63.5,"CVSeasonal_Ammonia_umolL",0.429800201987101
"388","V4",39.90487239,-17.54024902,-149.900454,119.345220340569,63.5,"CVSeasonal_Phosphate_umolL",0.105005357589026
"389","V4",39.90487239,-17.54024902,-149.900454,119.345220340569,63.5,"pc1",-2.88723407043416
"390","V4",39.90487239,-17.54024902,-149.900454,119.345220340569,63.5,"pc2",-0.532625307457382
"391","V5",26.50364964,-17.54025003,-149.900336,106.831208085763,55,"Maximum_Salinity",36.61
"392","V5",26.50364964,-17.54025003,-149.900336,106.831208085763,55,"Maximum_pH",8.04767416466006
"393","V5",26.50364964,-17.54025003,-149.900336,106.831208085763,55,"Maximum_Temperature",29.37
"394","V5",26.50364964,-17.54025003,-149.900336,106.831208085763,55,"Maximum_TA",2352.301094
"395","V5",26.50364964,-17.54025003,-149.900336,106.831208085763,55,"Maximum_NN_umolL",0.3723549
"396","V5",26.50364964,-17.54025003,-149.900336,106.831208085763,55,"Maximum_TA",2352.301094
"397","V5",26.50364964,-17.54025003,-149.900336,106.831208085763,55,"Maximum_NN_umolL",0.3723549
"398","V5",26.50364964,-17.54025003,-149.900336,106.831208085763,55,"Maximum_Silicate_umolL",2.390567731
"399","V5",26.50364964,-17.54025003,-149.900336,106.831208085763,55,"Maximum_Phosphate_umolL",0.162771874
"400","V5",26.50364964,-17.54025003,-149.900336,106.831208085763,55,"Minimum_Salinity",36.5
"401","V5",26.50364964,-17.54025003,-149.900336,106.831208085763,55,"Minimum_pH",7.94626126726384
"402","V5",26.50364964,-17.54025003,-149.900336,106.831208085763,55,"Minimum_Temperature",28.47
"403","V5",26.50364964,-17.54025003,-149.900336,106.831208085763,55,"MeanSeasonal_TA",2337.9675345
"404","V5",26.50364964,-17.54025003,-149.900336,106.831208085763,55,"MeanSeasonal_NN_umolL",0.2367526665
"405","V5",26.50364964,-17.54025003,-149.900336,106.831208085763,55,"MeanSeasonal_Silicate_umolL",1.32967409825
"406","V5",26.50364964,-17.54025003,-149.900336,106.831208085763,55,"MeanSeasonal_Phosphate_umolL",0.145879825
"407","V5",26.50364964,-17.54025003,-149.900336,106.831208085763,55,"CVSeasonal_Salinity",0.0012730060662536
"408","V5",26.50364964,-17.54025003,-149.900336,106.831208085763,55,"CVSeasonal_pH",0.00584584444311988
"409","V5",26.50364964,-17.54025003,-149.900336,106.831208085763,55,"CVSeasonal_Temperature",0.0131091451111013
"410","V5",26.50364964,-17.54025003,-149.900336,106.831208085763,55,"CVSeasonal_TA",0.00643283848321197
"411","V5",26.50364964,-17.54025003,-149.900336,106.831208085763,55,"CVSeasonal_NN_umolL",0.435348879798847
"412","V5",26.50364964,-17.54025003,-149.900336,106.831208085763,55,"CVSeasonal_Silicate_umolL",0.536878559513016
"413","V5",26.50364964,-17.54025003,-149.900336,106.831208085763,55,"CVSeasonal_Ammonia_umolL",0.463397922825693
"414","V5",26.50364964,-17.54025003,-149.900336,106.831208085763,55,"CVSeasonal_Phosphate_umolL",0.150130824587178
"415","V5",26.50364964,-17.54025003,-149.900336,106.831208085763,55,"pc1",-1.47503717469023
"416","V5",26.50364964,-17.54025003,-149.900336,106.831208085763,55,"pc2",-0.842787245705166
"417","V6",24.11460674,-17.54002498,-149.900106,87.8516356939548,20,"Maximum_Salinity",36.58
"418","V6",24.11460674,-17.54002498,-149.900106,87.8516356939548,20,"Maximum_pH",8.03043895597614
"419","V6",24.11460674,-17.54002498,-149.900106,87.8516356939548,20,"Maximum_Temperature",29.29
"420","V6",24.11460674,-17.54002498,-149.900106,87.8516356939548,20,"Maximum_TA",2405.71887
"421","V6",24.11460674,-17.54002498,-149.900106,87.8516356939548,20,"Maximum_NN_umolL",0.534681004
"422","V6",24.11460674,-17.54002498,-149.900106,87.8516356939548,20,"Maximum_TA",2405.71887
"423","V6",24.11460674,-17.54002498,-149.900106,87.8516356939548,20,"Maximum_NN_umolL",0.534681004
"424","V6",24.11460674,-17.54002498,-149.900106,87.8516356939548,20,"Maximum_Silicate_umolL",4.688002503
"425","V6",24.11460674,-17.54002498,-149.900106,87.8516356939548,20,"Maximum_Phosphate_umolL",0.18040643
"426","V6",24.11460674,-17.54002498,-149.900106,87.8516356939548,20,"Minimum_Salinity",36.36
"427","V6",24.11460674,-17.54002498,-149.900106,87.8516356939548,20,"Minimum_pH",7.91622854131028
"428","V6",24.11460674,-17.54002498,-149.900106,87.8516356939548,20,"Minimum_Temperature",28.34
"429","V6",24.11460674,-17.54002498,-149.900106,87.8516356939548,20,"MeanSeasonal_TA",2359.93571425
"430","V6",24.11460674,-17.54002498,-149.900106,87.8516356939548,20,"MeanSeasonal_NN_umolL",0.31710453875
"431","V6",24.11460674,-17.54002498,-149.900106,87.8516356939548,20,"MeanSeasonal_Silicate_umolL",2.9299699745
"432","V6",24.11460674,-17.54002498,-149.900106,87.8516356939548,20,"MeanSeasonal_Phosphate_umolL",0.164546931
"433","V6",24.11460674,-17.54002498,-149.900106,87.8516356939548,20,"CVSeasonal_Salinity",0.00288678083610491
"434","V6",24.11460674,-17.54002498,-149.900106,87.8516356939548,20,"CVSeasonal_pH",0.00658840188566216
"435","V6",24.11460674,-17.54002498,-149.900106,87.8516356939548,20,"CVSeasonal_Temperature",0.0148633145666452
"436","V6",24.11460674,-17.54002498,-149.900106,87.8516356939548,20,"CVSeasonal_TA",0.0133754496353219
"437","V6",24.11460674,-17.54002498,-149.900106,87.8516356939548,20,"CVSeasonal_NN_umolL",0.61008698764545
"438","V6",24.11460674,-17.54002498,-149.900106,87.8516356939548,20,"CVSeasonal_Silicate_umolL",0.543088970461215
"439","V6",24.11460674,-17.54002498,-149.900106,87.8516356939548,20,"CVSeasonal_Ammonia_umolL",0.323616027930265
"440","V6",24.11460674,-17.54002498,-149.900106,87.8516356939548,20,"CVSeasonal_Phosphate_umolL",0.100031437536287
"441","V6",24.11460674,-17.54002498,-149.900106,87.8516356939548,20,"pc1",4.34669666409645
"442","V6",24.11460674,-17.54002498,-149.900106,87.8516356939548,20,"pc2",1.97226436527633
"443","V7",36.61945813,-17.54004803,-149.899985,74.9543805154583,15.5,"Maximum_Salinity",36.58
"444","V7",36.61945813,-17.54004803,-149.899985,74.9543805154583,15.5,"Maximum_pH",8.02437025962059
"445","V7",36.61945813,-17.54004803,-149.899985,74.9543805154583,15.5,"Maximum_Temperature",29.48
"446","V7",36.61945813,-17.54004803,-149.899985,74.9543805154583,15.5,"Maximum_TA",2357.65494
"447","V7",36.61945813,-17.54004803,-149.899985,74.9543805154583,15.5,"Maximum_NN_umolL",0.479520773
"448","V7",36.61945813,-17.54004803,-149.899985,74.9543805154583,15.5,"Maximum_TA",2357.65494
"449","V7",36.61945813,-17.54004803,-149.899985,74.9543805154583,15.5,"Maximum_NN_umolL",0.479520773
"450","V7",36.61945813,-17.54004803,-149.899985,74.9543805154583,15.5,"Maximum_Silicate_umolL",5.850910131
"451","V7",36.61945813,-17.54004803,-149.899985,74.9543805154583,15.5,"Maximum_Phosphate_umolL",0.17558013
"452","V7",36.61945813,-17.54004803,-149.899985,74.9543805154583,15.5,"Minimum_Salinity",36.32
"453","V7",36.61945813,-17.54004803,-149.899985,74.9543805154583,15.5,"Minimum_pH",7.91307048702686
"454","V7",36.61945813,-17.54004803,-149.899985,74.9543805154583,15.5,"Minimum_Temperature",28.53
"455","V7",36.61945813,-17.54004803,-149.899985,74.9543805154583,15.5,"MeanSeasonal_TA",2341.45340375
"456","V7",36.61945813,-17.54004803,-149.899985,74.9543805154583,15.5,"MeanSeasonal_NN_umolL",0.307618241
"457","V7",36.61945813,-17.54004803,-149.899985,74.9543805154583,15.5,"MeanSeasonal_Silicate_umolL",3.2701896765
"458","V7",36.61945813,-17.54004803,-149.899985,74.9543805154583,15.5,"MeanSeasonal_Phosphate_umolL",0.16452372775
"459","V7",36.61945813,-17.54004803,-149.899985,74.9543805154583,15.5,"CVSeasonal_Salinity",0.00291508824347575
"460","V7",36.61945813,-17.54004803,-149.899985,74.9543805154583,15.5,"CVSeasonal_pH",0.00644035719105431
"461","V7",36.61945813,-17.54004803,-149.899985,74.9543805154583,15.5,"CVSeasonal_Temperature",0.0148091827766102
"462","V7",36.61945813,-17.54004803,-149.899985,74.9543805154583,15.5,"CVSeasonal_TA",0.00494852524752637
"463","V7",36.61945813,-17.54004803,-149.899985,74.9543805154583,15.5,"CVSeasonal_NN_umolL",0.478478495060124
"464","V7",36.61945813,-17.54004803,-149.899985,74.9543805154583,15.5,"CVSeasonal_Silicate_umolL",0.580257382466635
"465","V7",36.61945813,-17.54004803,-149.899985,74.9543805154583,15.5,"CVSeasonal_Ammonia_umolL",0.180860284906111
"466","V7",36.61945813,-17.54004803,-149.899985,74.9543805154583,15.5,"CVSeasonal_Phosphate_umolL",0.069718086225875
"467","V7",36.61945813,-17.54004803,-149.899985,74.9543805154583,15.5,"pc1",2.20415498966565
"468","V7",36.61945813,-17.54004803,-149.899985,74.9543805154583,15.5,"pc2",2.3429751467706
"469","V8",29.38766756,-17.54014903,-149.899896,62.3419511281081,20,"Maximum_Salinity",36.68
"470","V8",29.38766756,-17.54014903,-149.899896,62.3419511281081,20,"Maximum_pH",8.03192229991678
"471","V8",29.38766756,-17.54014903,-149.899896,62.3419511281081,20,"Maximum_Temperature",29.43
"472","V8",29.38766756,-17.54014903,-149.899896,62.3419511281081,20,"Maximum_TA",2355.165876
"473","V8",29.38766756,-17.54014903,-149.899896,62.3419511281081,20,"Maximum_NN_umolL",0.406694848
"474","V8",29.38766756,-17.54014903,-149.899896,62.3419511281081,20,"Maximum_TA",2355.165876
"475","V8",29.38766756,-17.54014903,-149.899896,62.3419511281081,20,"Maximum_NN_umolL",0.406694848
"476","V8",29.38766756,-17.54014903,-149.899896,62.3419511281081,20,"Maximum_Silicate_umolL",3.702299847
"477","V8",29.38766756,-17.54014903,-149.899896,62.3419511281081,20,"Maximum_Phosphate_umolL",0.171403525
"478","V8",29.38766756,-17.54014903,-149.899896,62.3419511281081,20,"Minimum_Salinity",36.46
"479","V8",29.38766756,-17.54014903,-149.899896,62.3419511281081,20,"Minimum_pH",7.93021162038583
"480","V8",29.38766756,-17.54014903,-149.899896,62.3419511281081,20,"Minimum_Temperature",28.61
"481","V8",29.38766756,-17.54014903,-149.899896,62.3419511281081,20,"MeanSeasonal_TA",2342.36522525
"482","V8",29.38766756,-17.54014903,-149.899896,62.3419511281081,20,"MeanSeasonal_NN_umolL",0.2743598665
"483","V8",29.38766756,-17.54014903,-149.899896,62.3419511281081,20,"MeanSeasonal_Silicate_umolL",2.1683693095
"484","V8",29.38766756,-17.54014903,-149.899896,62.3419511281081,20,"MeanSeasonal_Phosphate_umolL",0.1604167325
"485","V8",29.38766756,-17.54014903,-149.899896,62.3419511281081,20,"CVSeasonal_Salinity",0.00245993551077023
"486","V8",29.38766756,-17.54014903,-149.899896,62.3419511281081,20,"CVSeasonal_pH",0.00583495170001916
"487","V8",29.38766756,-17.54014903,-149.899896,62.3419511281081,20,"CVSeasonal_Temperature",0.0124649431033951
"488","V8",29.38766756,-17.54014903,-149.899896,62.3419511281081,20,"CVSeasonal_TA",0.00478131148971191
"489","V8",29.38766756,-17.54014903,-149.899896,62.3419511281081,20,"CVSeasonal_NN_umolL",0.357515805848079
"490","V8",29.38766756,-17.54014903,-149.899896,62.3419511281081,20,"CVSeasonal_Silicate_umolL",0.510527248257459
"491","V8",29.38766756,-17.54014903,-149.899896,62.3419511281081,20,"CVSeasonal_Ammonia_umolL",0.419785223514847
"492","V8",29.38766756,-17.54014903,-149.899896,62.3419511281081,20,"CVSeasonal_Phosphate_umolL",0.0705774687167072
"493","V8",29.38766756,-17.54014903,-149.899896,62.3419511281081,20,"pc1",-0.0318112043676475
"494","V8",29.38766756,-17.54014903,-149.899896,62.3419511281081,20,"pc2",0.341262712466336
"495","V9",31.60582307,-17.540245,-149.899765,46.5013220254196,22.5,"Maximum_Salinity",36.61
"496","V9",31.60582307,-17.540245,-149.899765,46.5013220254196,22.5,"Maximum_pH",8.03563383737151
"497","V9",31.60582307,-17.540245,-149.899765,46.5013220254196,22.5,"Maximum_Temperature",29.45
"498","V9",31.60582307,-17.540245,-149.899765,46.5013220254196,22.5,"Maximum_TA",2354.123837
"499","V9",31.60582307,-17.540245,-149.899765,46.5013220254196,22.5,"Maximum_NN_umolL",0.244549007
"500","V9",31.60582307,-17.540245,-149.899765,46.5013220254196,22.5,"Maximum_TA",2354.123837
"501","V9",31.60582307,-17.540245,-149.899765,46.5013220254196,22.5,"Maximum_NN_umolL",0.244549007
"502","V9",31.60582307,-17.540245,-149.899765,46.5013220254196,22.5,"Maximum_Silicate_umolL",1.543652563
"503","V9",31.60582307,-17.540245,-149.899765,46.5013220254196,22.5,"Maximum_Phosphate_umolL",0.158827302
"504","V9",31.60582307,-17.540245,-149.899765,46.5013220254196,22.5,"Minimum_Salinity",36.52
"505","V9",31.60582307,-17.540245,-149.899765,46.5013220254196,22.5,"Minimum_pH",7.93202266004098
"506","V9",31.60582307,-17.540245,-149.899765,46.5013220254196,22.5,"Minimum_Temperature",28.86
"507","V9",31.60582307,-17.540245,-149.899765,46.5013220254196,22.5,"MeanSeasonal_TA",2340.76039825
"508","V9",31.60582307,-17.540245,-149.899765,46.5013220254196,22.5,"MeanSeasonal_NN_umolL",0.1830570665
"509","V9",31.60582307,-17.540245,-149.899765,46.5013220254196,22.5,"MeanSeasonal_Silicate_umolL",1.2095761975
"510","V9",31.60582307,-17.540245,-149.899765,46.5013220254196,22.5,"MeanSeasonal_Phosphate_umolL",0.1462278755
"511","V9",31.60582307,-17.540245,-149.899765,46.5013220254196,22.5,"CVSeasonal_Salinity",0.00112461208824961
"512","V9",31.60582307,-17.540245,-149.899765,46.5013220254196,22.5,"CVSeasonal_pH",0.00626667587308743
"513","V9",31.60582307,-17.540245,-149.899765,46.5013220254196,22.5,"CVSeasonal_Temperature",0.00912497516356267
"514","V9",31.60582307,-17.540245,-149.899765,46.5013220254196,22.5,"CVSeasonal_TA",0.00480720827375153
"515","V9",31.60582307,-17.540245,-149.899765,46.5013220254196,22.5,"CVSeasonal_NN_umolL",0.3365826591977
"516","V9",31.60582307,-17.540245,-149.899765,46.5013220254196,22.5,"CVSeasonal_Silicate_umolL",0.188298504550375
"517","V9",31.60582307,-17.540245,-149.899765,46.5013220254196,22.5,"CVSeasonal_Ammonia_umolL",0.23561566510046
"518","V9",31.60582307,-17.540245,-149.899765,46.5013220254196,22.5,"CVSeasonal_Phosphate_umolL",0.076859641865257
"519","V9",31.60582307,-17.540245,-149.899765,46.5013220254196,22.5,"pc1",-2.99494121298439
"520","V9",31.60582307,-17.540245,-149.899765,46.5013220254196,22.5,"pc2",-0.833586484049788
