Location,lat,lon,CowTagID,Season,Parameters,Maximum,Minimum,Range,MeanSeasonal,MeanAll,CVSeasonal,CVAll
Varari,-17.53975298,-149.900506,V1,Dry,Salinity,36.52,36.22,0.30000000000000426,36.4,36.48125,0.0035253436913773675,0.004280378047766802
Varari,-17.53975298,-149.900506,V1,Dry,Temperature,28.44,27.1,1.3399999999999999,27.705000000000002,28.243750000000002,0.02286147595971395,0.026891257194519836
Varari,-17.53975298,-149.900506,V1,Dry,TA,2377.029989,2309.516077,67.51391199999989,2339.726749,2344.84593925,0.011962247765351644,0.008855289716491353
Varari,-17.53975298,-149.900506,V1,Dry,pH,8.065993322640152,8.014044470618156,0.051948852021995506,8.041593861599743,7.998135182537688,0.002977831097233636,0.007638312192803674
Varari,-17.53975298,-149.900506,V1,Dry,Phosphate_umolL,0.23,0.2,0.03,0.215,0.190191126,0.060046253429572365,0.16039345526132154
Varari,-17.53975298,-149.900506,V1,Dry,Silicate_umolL,5.11,0.91,4.2,2.5,2.347206797375,0.7317704558124768,0.7252863975459963
Varari,-17.53975298,-149.900506,V1,Dry,NN_umolL,0.84,0.5,0.33999999999999997,0.6375,0.53709298475,0.245152935028828,0.4172084380009704
Varari,-17.53975298,-149.900506,V1,Dry,Ammonia_umolL,0.52,0.32,0.2,0.40249999999999997,0.45508183275,0.22070820656292228,0.4523483332794905
Varari,-17.53975298,-149.900506,V1,Dry,M_C,2.754412529,1.185099417,1.5693131120000001,1.76441788875,1.76441788875,0.38743449494761634,0.38743449494761634
Varari,-17.53975298,-149.900506,V1,Dry,HIX,2.128530089,0.637080298,1.491449791,1.151990804,1.151990804,0.5770489552732508,0.5770489552732508
Varari,-17.53975298,-149.900506,V1,Dry,VisibleHumidic_Like,0.014525517,0.009013159,0.005512358,0.011933298,0.011933298,0.20038462125518575,0.20038462125518575
Varari,-17.53975298,-149.900506,V1,Dry,Tryptophan_Like,0.09829493,0.019077179,0.079217751,0.04619084,0.04619084,0.7730904031260512,0.7730904031260512
Varari,-17.53975298,-149.900506,V1,Dry,Tyrosine_Like,0.208416064,0.016755293,0.191660771,0.07872583325000002,0.07872583325000002,1.1435214960582172,1.1435214960582172
Varari,-17.53975298,-149.900506,V1,Wet,Salinity,36.67,36.34,0.3299999999999983,36.5625,36.48125,0.004132087502150571,0.004280378047766802
Varari,-17.53975298,-149.900506,V1,Wet,Temperature,29.3,28.38,0.9200000000000017,28.7825,28.243750000000002,0.01435976065868677,0.026891257194519836
Varari,-17.53975298,-149.900506,V1,Wet,TA,2360.875128,2333.14574,27.7293880000002,2349.9651295,2344.84593925,0.005260125528165121,0.008855289716491353
Varari,-17.53975298,-149.900506,V1,Wet,pH,8.033556118392447,7.904822909610202,0.12873320878224526,7.954676503475633,7.998135182537688,0.0069979613758071975,0.007638312192803674
Varari,-17.53975298,-149.900506,V1,Wet,Phosphate_umolL,0.187228219,0.143281048,0.04394717100000001,0.165382252,0.190191126,0.11526763734033306,0.16039345526132154
Varari,-17.53975298,-149.900506,V1,Wet,Silicate_umolL,4.940658029,1.232851655,3.7078063739999996,2.19441359475,2.347206797375,0.8344845362563399,0.7252863975459963
Varari,-17.53975298,-149.900506,V1,Wet,NN_umolL,0.758656776,0.154868566,0.60378821,0.4366859695,0.53709298475,0.5876430605248364,0.4172084380009704
Varari,-17.53975298,-149.900506,V1,Wet,Ammonia_umolL,0.828499422,0.230482094,0.5980173280000001,0.5076636655,0.45508183275,0.5695909849011092,0.4523483332794905
Varari,-17.53989003,-149.900519,V2,Dry,Salinity,36.4,36.09,0.30999999999999517,36.307500000000005,36.425,0.00406893526205163,0.004654418260346058
Varari,-17.53989003,-149.900519,V2,Dry,Temperature,28.47,27.15,1.3200000000000003,27.725,28.27,0.02140842741461022,0.026374805696415635
Varari,-17.53989003,-149.900519,V2,Dry,TA,2365.03174,2328.302637,36.72910300000012,2348.3515925,2347.598096375,0.0065488656887084775,0.005280704487036378
Varari,-17.53989003,-149.900519,V2,Dry,pH,8.05555174101946,8.014612800858368,0.040938940161092674,8.035083692995888,8.00054531143662,0.0025094071163059262,0.0065205589408664725
Varari,-17.53989003,-149.900519,V2,Dry,Phosphate_umolL,0.26,0.2,0.06,0.2175,0.190153339375,0.13205891141466733,0.1878711158526272
Varari,-17.53989003,-149.900519,V2,Dry,Silicate_umolL,5.76,0.92,4.84,2.5075,2.2096600595,0.8852324337902286,0.7666963858633622
Varari,-17.53989003,-149.900519,V2,Dry,NN_umolL,1.05,0.57,0.4800000000000001,0.7125,0.548556364625,0.31724162541680523,0.4624911181739919
Varari,-17.53989003,-149.900519,V2,Dry,Ammonia_umolL,2.4,0.26,2.1399999999999997,0.9199999999999999,0.61371223525,1.0945747520561073,1.2160301160405074
Varari,-17.53989003,-149.900519,V2,Dry,M_C,2.175318354,1.228273596,0.9470447579999999,1.57906632675,1.57906632675,0.27347824564146284,0.27347824564146284
Varari,-17.53989003,-149.900519,V2,Dry,HIX,1.337764548,0.815434825,0.522329723,1.13982619575,1.13982619575,0.2073165125733818,0.2073165125733818
Varari,-17.53989003,-149.900519,V2,Dry,VisibleHumidic_Like,0.022531222,0.008753099,0.013778123,0.013372904750000001,0.013372904750000001,0.477929916258935,0.477929916258935
Varari,-17.53989003,-149.900519,V2,Dry,Tryptophan_Like,0.080698238,0.015103301,0.065594937,0.04224969575,0.04224969575,0.7345816200491587,0.7345816200491587
Varari,-17.53989003,-149.900519,V2,Dry,Tyrosine_Like,0.186930911,0.016072899,0.170858012,0.0846088395,0.0846088395,0.9532328881367382,0.9532328881367382
Varari,-17.53989003,-149.900519,V2,Wet,Salinity,36.64,36.42,0.21999999999999886,36.542500000000004,36.425,0.0025118095027277434,0.004654418260346058
Varari,-17.53989003,-149.900519,V2,Wet,Temperature,29.32,28.43,0.8900000000000006,28.815,28.27,0.013567205984080663,0.026374805696415635
Varari,-17.53989003,-149.900519,V2,Wet,TA,2360.453386,2335.686567,24.76681899999994,2346.84460025,2347.598096375,0.0046787944361478175,0.005280704487036378
Varari,-17.53989003,-149.900519,V2,Wet,pH,8.039916817974959,7.9252367683307154,0.11468004964424328,7.966006929877351,8.00054531143662,0.006598030655909957,0.0065205589408664725
Varari,-17.53989003,-149.900519,V2,Wet,Phosphate_umolL,0.174559182,0.147550467,0.027008715000000016,0.16280667875,0.190153339375,0.07735912662328281,0.1878711158526272
Varari,-17.53989003,-149.900519,V2,Wet,Silicate_umolL,3.700915433,1.036264889,2.664650544,1.911820119,2.2096600595,0.6476671996753083,0.7666963858633622
Varari,-17.53989003,-149.900519,V2,Wet,NN_umolL,0.620575938,0.232831964,0.387743974,0.38461272925,0.548556364625,0.43053501082796364,0.4624911181739919
Varari,-17.53989003,-149.900519,V2,Wet,Ammonia_umolL,0.583375924,0.163935715,0.419440209,0.3074244705,0.61371223525,0.6113550733133759,1.2160301160405074
Varari,-17.54012598,-149.90056,V3,Dry,Salinity,36.52,36.35,0.1700000000000017,36.42666666666667,36.497142857142855,0.0023668589232023734,0.002797398682124562
Varari,-17.54012598,-149.90056,V3,Dry,Temperature,28.31,27.27,1.0399999999999991,27.78,28.384285714285713,0.018728883425959037,0.024259696294982244
Varari,-17.54012598,-149.90056,V3,Dry,TA,2380.835159,2345.266347,35.56881199999998,2359.3363830000003,2353.1881085714285,0.008015936426664526,0.006246104240484649
Varari,-17.54012598,-149.90056,V3,Dry,pH,8.069751700432176,8.029250889241016,0.040500811191160224,8.048706065299749,8.004229408133398,0.0025217959439376623,0.007362509287323
Varari,-17.54012598,-149.90056,V3,Dry,Phosphate_umolL,0.24,0.19,0.04999999999999999,0.2125,0.18104038075,0.1043461544756868,0.22138592401451118
Varari,-17.54012598,-149.90056,V3,Dry,Silicate_umolL,3.38,1.2,2.1799999999999997,1.85,1.7134392475,0.5578839285379749,0.5536840871324313
Varari,-17.54012598,-149.90056,V3,Dry,NN_umolL,0.82,0.37,0.44999999999999996,0.5575,0.4179128175,0.34358868080523736,0.5089151038693658
Varari,-17.54012598,-149.90056,V3,Dry,Ammonia_umolL,0.46,0.28,0.18,0.36750000000000005,0.40490870075,0.20767806153025503,0.3356378365556495
Varari,-17.54012598,-149.90056,V3,Dry,M_C,2.637901428,1.389091122,1.2488103060000002,1.9357594675,1.9357594675,0.284787191969565,0.284787191969565
Varari,-17.54012598,-149.90056,V3,Dry,HIX,1.221763919,0.867233513,0.3545304060000001,1.058390719,1.058390719,0.1542838515261543,0.1542838515261543
Varari,-17.54012598,-149.90056,V3,Dry,VisibleHumidic_Like,0.013014693,0.007175831,0.005838862000000001,0.0100723325,0.0100723325,0.2406846549748536,0.2406846549748536
Varari,-17.54012598,-149.90056,V3,Dry,Tryptophan_Like,0.069997599,0.0214734,0.04852419899999999,0.0424722195,0.0424722195,0.5482982167887741,0.5482982167887741
Varari,-17.54012598,-149.90056,V3,Dry,Tyrosine_Like,0.162614428,0.048753233,0.113861195,0.08979289,0.08979289,0.5868450334292649,0.5868450334292649
Varari,-17.54012598,-149.90056,V3,Wet,Salinity,36.63,36.43,0.20000000000000284,36.55,36.497142857142855,0.002321554411556408,0.002797398682124562
Varari,-17.54012598,-149.90056,V3,Wet,Temperature,29.31,28.48,0.8299999999999983,28.8375,28.384285714285713,0.012446363141633688,0.024259696294982244
Varari,-17.54012598,-149.90056,V3,Wet,TA,2361.344489,2338.368209,22.97627999999986,2348.57690275,2353.1881085714285,0.004807381981405193,0.006246104240484649
Varari,-17.54012598,-149.90056,V3,Wet,pH,8.046582442335957,7.917425625901645,0.1291568164343122,7.970871915258636,8.004229408133398,0.007107237606659988,0.007362509287323
Varari,-17.54012598,-149.90056,V3,Wet,Phosphate_umolL,0.165463464,0.112838235,0.05262522900000001,0.1495807615,0.18104038075,0.16610854382735682,0.22138592401451118
Varari,-17.54012598,-149.90056,V3,Wet,Silicate_umolL,3.033281857,0.940740334,2.092541523,1.5768784949999999,1.7134392475,0.6294416996541775,0.5536840871324313
Varari,-17.54012598,-149.90056,V3,Wet,NN_umolL,0.458430097,0.17487767,0.28355242699999994,0.278325635,0.4179128175,0.4670060536566277,0.5089151038693658
Varari,-17.54012598,-149.90056,V3,Wet,Ammonia_umolL,0.66846408,0.223401416,0.44506266400000005,0.4423174015,0.40490870075,0.4140377237796562,0.3356378365556495
Varari,-17.54024902,-149.900454,V4,Dry,Salinity,36.53,36.4,0.13000000000000256,36.47,36.52375,0.0015018441390325698,0.0020589919883103524
Varari,-17.54024902,-149.900454,V4,Dry,Temperature,28.4,27.1,1.2999999999999972,27.677500000000002,28.265,0.020422218008765085,0.027057428355954424
Varari,-17.54024902,-149.900454,V4,Dry,TA,2362.8142,2320.14392,42.67027999999982,2335.19372075,2342.70559225,0.008148307011627548,0.006942331285487424
Varari,-17.54024902,-149.900454,V4,Dry,pH,8.070973742992923,8.034426484034048,0.03654725895887445,8.048826178035714,8.01838901396116,0.001935568073880772,0.005635913912924132
Varari,-17.54024902,-149.900454,V4,Dry,Phosphate_umolL,0.24,0.21,0.03,0.22749999999999998,0.185036672875,0.06593406593406594,0.2565328123149091
Varari,-17.54024902,-149.900454,V4,Dry,Silicate_umolL,3.01,0.84,2.17,1.5625,1.270093439375,0.653205103062328,0.5855303632635409
Varari,-17.54024902,-149.900454,V4,Dry,NN_umolL,1.06,0.4,0.66,0.6325000000000001,0.418684395875,0.48497019724535523,0.7284585033679988
Varari,-17.54024902,-149.900454,V4,Dry,Ammonia_umolL,1.07,0.3,0.77,0.5475,0.412108263375,0.6570901595232821,0.6968864733093554
Varari,-17.54024902,-149.900454,V4,Dry,M_C,2.008484641,1.224375862,0.7841087789999999,1.56502206475,1.56502206475,0.214938908444058,0.214938908444058
Varari,-17.54024902,-149.900454,V4,Dry,HIX,1.349167743,0.754337072,0.594830671,0.9951864770000001,0.9951864770000001,0.25316014344756826,0.25316014344756826
Varari,-17.54024902,-149.900454,V4,Dry,VisibleHumidic_Like,0.01489088,0.006625581,0.008265299,0.009743554500000001,0.009743554500000001,0.3832559490227282,0.3832559490227282
Varari,-17.54024902,-149.900454,V4,Dry,Tryptophan_Like,0.070038984,0.011803696,0.058235287999999996,0.0366079095,0.0366079095,0.7388104075174692,0.7388104075174692
Varari,-17.54024902,-149.900454,V4,Dry,Tyrosine_Like,0.162528997,0.016268222,0.146260775,0.07022998125,0.07022998125,0.9886234080455051,0.9886234080455051
Varari,-17.54024902,-149.900454,V4,Wet,Salinity,36.65,36.54,0.10999999999999943,36.5775,36.52375,0.0013646803938552343,0.0020589919883103524
Varari,-17.54024902,-149.900454,V4,Wet,Temperature,29.33,28.49,0.8399999999999999,28.8525,28.265,0.012245241020313317,0.027057428355954424
Varari,-17.54024902,-149.900454,V4,Wet,TA,2362.423851,2338.301671,24.122179999999844,2350.21746375,2342.70559225,0.004352944862947349,0.006942331285487424
Varari,-17.54024902,-149.900454,V4,Wet,pH,8.05021091697143,7.948435472894355,0.1017754440770755,7.987951849886608,8.01838901396116,0.005670946602546283,0.005635913912924132
Varari,-17.54024902,-149.900454,V4,Wet,Phosphate_umolL,0.163003907,0.128152455,0.034851452000000005,0.14257334575,0.185036672875,0.10500535758902584,0.2565328123149091
Varari,-17.54024902,-149.900454,V4,Wet,Silicate_umolL,1.174706274,0.853522262,0.321184012,0.97768687875,1.270093439375,0.14741166446304027,0.5855303632635409
Varari,-17.54024902,-149.900454,V4,Wet,NN_umolL,0.252300281,0.184071041,0.06822924000000002,0.20486879175,0.418684395875,0.157875816257036,0.7284585033679988
Varari,-17.54024902,-149.900454,V4,Wet,Ammonia_umolL,0.408759185,0.132552707,0.27620647800000003,0.27671652675,0.412108263375,0.4298002019871006,0.6968864733093554
Varari,-17.54025003,-149.900336,V5,Dry,Salinity,36.5,36.23,0.2700000000000031,36.394999999999996,36.48,0.0032703340333117854,0.003385959636782172
Varari,-17.54025003,-149.900336,V5,Dry,Temperature,28.28,26.97,1.3100000000000023,27.5475,28.205,0.020735800191829988,0.02956287217872607
Varari,-17.54025003,-149.900336,V5,Dry,TA,2366.352432,2321.38849,44.963942000000316,2349.84187875,2343.904706625,0.008484361102369503,0.007482307218420386
Varari,-17.54025003,-149.900336,V5,Dry,pH,8.061337258650727,8.030467444184145,0.030869814466582213,8.046113766159912,8.01448883965581,0.0017882216621771937,0.005805768661124361
Varari,-17.54025003,-149.900336,V5,Dry,Phosphate_umolL,0.25,0.19,0.06,0.21000000000000002,0.17793991250000002,0.12895299054977713,0.2313407952922386
Varari,-17.54025003,-149.900336,V5,Dry,Silicate_umolL,5.43,0.86,4.569999999999999,2.0575,1.693587049125,1.0935016410253577,0.9408887390605094
Varari,-17.54025003,-149.900336,V5,Dry,NN_umolL,1.05,0.47,0.5800000000000001,0.6174999999999999,0.42712633325,0.4669989739336228,0.6688366045313666
Varari,-17.54025003,-149.900336,V5,Dry,Ammonia_umolL,0.46,0.04,0.42000000000000004,0.2625,0.29266547375,0.6644862301909489,0.5256944647421006
Varari,-17.54025003,-149.900336,V5,Dry,M_C,2.371370349,1.258483424,1.1128869250000002,1.63059516175,1.63059516175,0.30865276832987193,0.30865276832987193
Varari,-17.54025003,-149.900336,V5,Dry,HIX,1.440397641,0.44089073,0.9995069109999999,0.7641666042499999,0.7641666042499999,0.5979645795596489,0.5979645795596489
Varari,-17.54025003,-149.900336,V5,Dry,VisibleHumidic_Like,0.011891254,0.006802997,0.0050882570000000005,0.009556761,0.009556761,0.26535032851623974,0.26535032851623974
Varari,-17.54025003,-149.900336,V5,Dry,Tryptophan_Like,0.120762872,0.021805307,0.098957565,0.0533149265,0.0533149265,0.8527157926898151,0.8527157926898151
Varari,-17.54025003,-149.900336,V5,Dry,Tyrosine_Like,0.265873203,0.028092611,0.237780592,0.08872443225000001,0.08872443225000001,1.3312078814902384,1.3312078814902384
Varari,-17.54025003,-149.900336,V5,Wet,Salinity,36.61,36.5,0.10999999999999943,36.565,36.48,0.0012730060662535974,0.003385959636782172
Varari,-17.54025003,-149.900336,V5,Wet,Temperature,29.37,28.47,0.9000000000000021,28.8625,28.205,0.013109145111101303,0.02956287217872607
Varari,-17.54025003,-149.900336,V5,Wet,TA,2352.301094,2321.775911,30.525182999999743,2337.9675345,2343.904706625,0.006432838483211966,0.007482307218420386
Varari,-17.54025003,-149.900336,V5,Wet,pH,8.047674164660059,7.94626126726384,0.1014128973962185,7.982863913151706,8.01448883965581,0.005845844443119876,0.005805768661124361
Varari,-17.54025003,-149.900336,V5,Wet,Phosphate_umolL,0.162771874,0.116086706,0.04668516800000001,0.14587982500000002,0.17793991250000002,0.1501308245871782,0.2313407952922386
Varari,-17.54025003,-149.900336,V5,Wet,Silicate_umolL,2.390567731,0.891247539,1.4993201919999999,1.32967409825,1.693587049125,0.5368785595130159,0.9408887390605094
Varari,-17.54025003,-149.900336,V5,Wet,NN_umolL,0.3723549,0.135219987,0.23713491299999997,0.2367526665,0.42712633325,0.4353488797988468,0.6688366045313666
Varari,-17.54025003,-149.900336,V5,Wet,Ammonia_umolL,0.470025058,0.147074099,0.322950959,0.3228309475,0.29266547375,0.4633979228256932,0.5256944647421006
Varari,-17.54002498,-149.900106,V6,Dry,Salinity,36.51,36.31,0.19999999999999574,36.4225,36.4525,0.002588939100796746,0.002686870096380529
Varari,-17.54002498,-149.900106,V6,Dry,Temperature,28.52,27.24,1.2800000000000011,27.744999999999997,28.25625,0.02154627961154416,0.025770112075652187
Varari,-17.54002498,-149.900106,V6,Dry,TA,2365.266839,2322.780484,42.486355,2339.25839525,2349.59705475,0.007859378250908692,0.011212345310778634
Varari,-17.54002498,-149.900106,V6,Dry,pH,8.059622827798533,8.019453650498878,0.040169177299654635,8.041795883950922,8.005361683368475,0.0025882454527324603,0.006708502639328028
Varari,-17.54002498,-149.900106,V6,Dry,Phosphate_umolL,0.25,0.18,0.07,0.2125,0.1885234655,0.13516617991854188,0.17804726106183758
Varari,-17.54002498,-149.900106,V6,Dry,Silicate_umolL,5,1.05,3.95,2.6625,2.79623498725,0.6279034552863895,0.542764581031486
Varari,-17.54002498,-149.900106,V6,Dry,NN_umolL,0.92,0.45,0.47000000000000003,0.6125,0.464802269375,0.344118186258906,0.527042405516669
Varari,-17.54002498,-149.900106,V6,Dry,Ammonia_umolL,0.43,0.12,0.31,0.33,0.28077359825,0.43068698192581495,0.41889076850093293
Varari,-17.54002498,-149.900106,V6,Dry,M_C,2.12866465,1.158443115,0.9702215350000001,1.6159341655000001,1.6159341655000001,0.2687622622700707,0.2687622622700707
Varari,-17.54002498,-149.900106,V6,Dry,HIX,1.195996653,0.606004684,0.589991969,0.9409876482499999,0.9409876482499999,0.2606866013465512,0.2606866013465512
Varari,-17.54002498,-149.900106,V6,Dry,VisibleHumidic_Like,0.013097303,0.009762299,0.003335003999999999,0.01101163175,0.01101163175,0.14363247562981962,0.14363247562981962
Varari,-17.54002498,-149.900106,V6,Dry,Tryptophan_Like,0.091840431,0.021956547,0.06988388400000001,0.049475936,0.049475936,0.6680136638323492,0.6680136638323492
Varari,-17.54002498,-149.900106,V6,Dry,Tyrosine_Like,0.221335883,0.016679308,0.204656575,0.09223187475,0.09223187475,1.0198658661331474,1.0198658661331474
Varari,-17.54002498,-149.900106,V6,Wet,Salinity,36.58,36.36,0.21999999999999886,36.4825,36.4525,0.002886780836104913,0.002686870096380529
Varari,-17.54002498,-149.900106,V6,Wet,Temperature,29.29,28.34,0.9499999999999993,28.7675,28.25625,0.014863314566645197,0.025770112075652187
Varari,-17.54002498,-149.900106,V6,Wet,TA,2405.71887,2335.810823,69.90804700000035,2359.93571425,2349.59705475,0.013375449635321937,0.011212345310778634
Varari,-17.54002498,-149.900106,V6,Wet,pH,8.030438955976145,7.91622854131028,0.11421041466586423,7.96892748278603,8.005361683368475,0.006588401885662157,0.006708502639328028
Varari,-17.54002498,-149.900106,V6,Wet,Phosphate_umolL,0.18040643,0.141610406,0.03879602400000001,0.164546931,0.1885234655,0.10003143753628749,0.17804726106183758
Varari,-17.54002498,-149.900106,V6,Wet,Silicate_umolL,4.688002503,1.491044837,3.196957666,2.9299699745,2.79623498725,0.5430889704612153,0.542764581031486
Varari,-17.54002498,-149.900106,V6,Wet,NN_umolL,0.534681004,0.134498939,0.400182065,0.31710453875,0.464802269375,0.6100869876454501,0.527042405516669
Varari,-17.54002498,-149.900106,V6,Wet,Ammonia_umolL,0.298948658,0.125652045,0.173296613,0.2315471965,0.28077359825,0.3236160279302652,0.41889076850093293
Varari,-17.54004803,-149.899985,V7,Dry,Salinity,36.48,36.26,0.21999999999999886,36.38666666666666,36.424285714285716,0.0031254529331681924,0.0029048627883984006
Varari,-17.54004803,-149.899985,V7,Dry,Temperature,28.34,27.08,1.2600000000000016,27.726666666666667,28.43857142857143,0.022745649033483594,0.02874132386462104
Varari,-17.54004803,-149.899985,V7,Dry,TA,2371.959181,2337.447513,34.5116680000001,2351.1359703333333,2345.603075142857,0.00779569111519298,0.006117397026151407
Varari,-17.54004803,-149.899985,V7,Dry,pH,8.077050143338493,8.01812400991907,0.058926133419422655,8.047319839170477,8.001684770343509,0.003661679036150282,0.007317307410968211
Varari,-17.54004803,-149.899985,V7,Dry,Phosphate_umolL,0.25,0.21,0.04000000000000001,0.2275,0.196011863875,0.0750692363806564,0.18497081709894736
Varari,-17.54004803,-149.899985,V7,Dry,Silicate_umolL,4,1.01,2.99,2.58,2.92509483825,0.4779139448452654,0.5219340461646339
Varari,-17.54004803,-149.899985,V7,Dry,NN_umolL,0.92,0.54,0.38,0.715,0.5113091205,0.26401109808424744,0.5246893809225635
Varari,-17.54004803,-149.899985,V7,Dry,Ammonia_umolL,0.7,0.31,0.38999999999999996,0.4575,0.32946965525,0.37874805357734326,0.5443912997613045
Varari,-17.54004803,-149.899985,V7,Dry,M_C,1.811538995,1.367860544,0.44367845100000003,1.618084668,1.618084668,0.12321138355464485,0.12321138355464485
Varari,-17.54004803,-149.899985,V7,Dry,HIX,1.331952877,0.625425117,0.70652776,1.04163403325,1.04163403325,0.2933133576086544,0.2933133576086544
Varari,-17.54004803,-149.899985,V7,Dry,VisibleHumidic_Like,0.013945463,0.009552103,0.004393360000000001,0.01148148425,0.01148148425,0.17973143617377435,0.17973143617377435
Varari,-17.54004803,-149.899985,V7,Dry,Tryptophan_Like,0.102023191,0.021462661,0.08056052999999999,0.04989125425,0.04989125425,0.7459451157362961,0.7459451157362961
Varari,-17.54004803,-149.899985,V7,Dry,Tyrosine_Like,0.257089965,0.044869412,0.21222055299999998,0.11445625574999999,0.11445625574999999,0.8620907378227194,0.8620907378227194
Varari,-17.54004803,-149.899985,V7,Wet,Salinity,36.58,36.32,0.259999999999998,36.4525,36.424285714285716,0.002915088243475749,0.0029048627883984006
Varari,-17.54004803,-149.899985,V7,Wet,Temperature,29.48,28.53,0.9499999999999993,28.9725,28.43857142857143,0.014809182776610202,0.02874132386462104
Varari,-17.54004803,-149.899985,V7,Wet,TA,2357.65494,2332.53922,25.115719999999783,2341.45340375,2345.603075142857,0.00494852524752637,0.006117397026151407
Varari,-17.54004803,-149.899985,V7,Wet,pH,8.024370259620593,7.913070487026856,0.11129977259373725,7.967458468723285,8.001684770343509,0.0064403571910543085,0.007317307410968211
Varari,-17.54004803,-149.899985,V7,Wet,Phosphate_umolL,0.17558013,0.148432195,0.027147935000000012,0.16452372775000002,0.196011863875,0.06971808622587501,0.18497081709894736
Varari,-17.54004803,-149.899985,V7,Wet,Silicate_umolL,5.850910131,1.628447911,4.22246222,3.2701896765,2.92509483825,0.5802573824666347,0.5219340461646339
Varari,-17.54004803,-149.899985,V7,Wet,NN_umolL,0.479520773,0.168388231,0.311132542,0.307618241,0.5113091205,0.4784784950601241,0.5246893809225635
Varari,-17.54004803,-149.899985,V7,Wet,Ammonia_umolL,0.239062917,0.162075537,0.07698738000000002,0.2014393105,0.32946965525,0.18086028490611109,0.5443912997613045
Varari,-17.54014903,-149.899896,V8,Dry,Salinity,36.56,36.04,0.5200000000000031,36.370000000000005,36.46875,0.006249739573359883,0.005257017779108564
Varari,-17.54014903,-149.899896,V8,Dry,Temperature,28.31,27.03,1.2799999999999976,27.56,28.265,0.020871193996400177,0.03095881899595876
Varari,-17.54014903,-149.899896,V8,Dry,TA,2363.226902,2321.38849,41.83841200000006,2341.44105025,2341.90313775,0.008173382744667473,0.006202013739927391
Varari,-17.54014903,-149.899896,V8,Dry,pH,8.055299748971068,7.966032784507494,0.08926696446357418,8.031658359153317,8.003253581322948,0.00545269701164014,0.0064588606605930675
Varari,-17.54014903,-149.899896,V8,Dry,Phosphate_umolL,0.26,0.19,0.07,0.2125,0.18645836625,0.15548413805175693,0.1932096373139548
Varari,-17.54014903,-149.899896,V8,Dry,Silicate_umolL,8.28,0.77,7.51,2.9699999999999998,2.56918465475,1.1969716701299125,0.9633010204134427
Varari,-17.54014903,-149.899896,V8,Dry,NN_umolL,1.34,0.46,0.8800000000000001,0.7075,0.49092993325,0.5978174819254594,0.7467423392493923
Varari,-17.54014903,-149.899896,V8,Dry,Ammonia_umolL,0.54,0.2,0.34,0.355,0.287798073375,0.4348745981937807,0.47958691577584667
Varari,-17.54014903,-149.899896,V8,Dry,M_C,2.213546012,1.196935539,1.016610473,1.6445277435,1.6445277435,0.2817684313578112,0.2817684313578112
Varari,-17.54014903,-149.899896,V8,Dry,HIX,1.483817535,0.638370804,0.845446731,0.9474991945,0.9474991945,0.403793510659775,0.403793510659775
Varari,-17.54014903,-149.899896,V8,Dry,VisibleHumidic_Like,0.01406595,0.008004485,0.006061465,0.01122398825,0.01122398825,0.24240429350165685,0.24240429350165685
Varari,-17.54014903,-149.899896,V8,Dry,Tryptophan_Like,0.088466478,0.017713338,0.07075314,0.04924502075,0.04924502075,0.6063554436885529,0.6063554436885529
Varari,-17.54014903,-149.899896,V8,Dry,Tyrosine_Like,0.230293006,0.021027037,0.209265969,0.090640785,0.090640785,1.0631227159061778,1.0631227159061778
Varari,-17.54014903,-149.899896,V8,Wet,Salinity,36.68,36.46,0.21999999999999886,36.5675,36.46875,0.00245993551077023,0.005257017779108564
Varari,-17.54014903,-149.899896,V8,Wet,Temperature,29.43,28.61,0.8200000000000003,28.97,28.265,0.012464943103395097,0.03095881899595876
Varari,-17.54014903,-149.899896,V8,Wet,TA,2355.165876,2329.224197,25.941679000000022,2342.36522525,2341.90313775,0.004781311489711908,0.006202013739927391
Varari,-17.54014903,-149.899896,V8,Wet,pH,8.031922299916777,7.930211620385833,0.10171067953094415,7.974848803492579,8.003253581322948,0.005834951700019159,0.0064588606605930675
Varari,-17.54014903,-149.899896,V8,Wet,Phosphate_umolL,0.171403525,0.145415758,0.025987766999999995,0.1604167325,0.18645836625,0.07057746871670721,0.1932096373139548
Varari,-17.54014903,-149.899896,V8,Wet,Silicate_umolL,3.702299847,1.306225589,2.3960742579999996,2.1683693095,2.56918465475,0.5105272482574585,0.9633010204134427
Varari,-17.54014903,-149.899896,V8,Wet,NN_umolL,0.406694848,0.169830328,0.23686452,0.2743598665,0.49092993325,0.3575158058480793,0.7467423392493923
Varari,-17.54014903,-149.899896,V8,Wet,Ammonia_umolL,0.342932874,0.13123258,0.211700294,0.22059614675,0.287798073375,0.41978522351484704,0.47958691577584667
Varari,-17.540245,-149.899765,V9,Dry,Salinity,36.47,36.38,0.0899999999999963,36.425,36.49875,0.001153925437009229,0.0024039033729225455
Varari,-17.540245,-149.899765,V9,Dry,Temperature,28.44,27.16,1.2800000000000011,27.6925,28.3875,0.02069664802431982,0.029952967557598277
Varari,-17.540245,-149.899765,V9,Dry,TA,2372.370084,2318.333575,54.036509000000024,2349.122264,2344.941331125,0.009681711393501767,0.007336041585446449
Varari,-17.540245,-149.899765,V9,Dry,pH,8.069159867538033,8.034552341814091,0.03460752572394199,8.047942879348163,8.011414621767011,0.001852399490849337,0.006474612797771212
Varari,-17.540245,-149.899765,V9,Dry,Phosphate_umolL,0.24,0.22,0.01999999999999999,0.225,0.18561393775,0.04444444444444442,0.23296695712362184
Varari,-17.540245,-149.899765,V9,Dry,Silicate_umolL,2.37,0.97,1.4000000000000001,1.36,1.28478809875,0.4964551386872236,0.3684334237590348
Varari,-17.540245,-149.899765,V9,Dry,NN_umolL,0.66,0.49,0.17000000000000004,0.5575,0.37027853325,0.13048222925438088,0.5662017953290038
Varari,-17.540245,-149.899765,V9,Dry,Ammonia_umolL,0.45,0.18,0.27,0.3,0.25253482925,0.4242640687119286,0.40611514536937887
Varari,-17.540245,-149.899765,V9,Dry,M_C,2.160899504,1.271206005,0.889693499,1.7364897096666667,1.7364897096666667,0.256985620568281,0.256985620568281
Varari,-17.540245,-149.899765,V9,Dry,HIX,1.0095658,0.580085007,0.4294807930000001,0.851485206,0.851485206,0.2772832668795726,0.2772832668795726
Varari,-17.540245,-149.899765,V9,Dry,VisibleHumidic_Like,0.01062399,0.009094345,0.0015296449999999996,0.009998786666666667,0.009998786666666667,0.08022407120137766,0.08022407120137766
Varari,-17.540245,-149.899765,V9,Dry,Tryptophan_Like,0.075029142,0.017050919,0.057978222999999995,0.04701113366666666,0.04701113366666666,0.6176806334658312,0.6176806334658312
Varari,-17.540245,-149.899765,V9,Dry,Tyrosine_Like,0.205488379,0.021583978,0.183904401,0.11052591866666667,0.11052591866666667,0.8332878324992486,0.8332878324992486
Varari,-17.540245,-149.899765,V9,Wet,Salinity,36.61,36.52,0.0899999999999963,36.572500000000005,36.49875,0.0011246120882496085,0.0024039033729225455
Varari,-17.540245,-149.899765,V9,Wet,Temperature,29.45,28.86,0.5899999999999999,29.0825,28.3875,0.009124975163562674,0.029952967557598277
Varari,-17.540245,-149.899765,V9,Wet,TA,2354.123837,2330.358812,23.76502500000015,2340.76039825,2344.941331125,0.004807208273751528,0.007336041585446449
Varari,-17.540245,-149.899765,V9,Wet,pH,8.035633837371513,7.93202266004098,0.10361117733053327,7.97488636418586,8.011414621767011,0.006266675873087434,0.006474612797771212
Varari,-17.540245,-149.899765,V9,Wet,Phosphate_umolL,0.158827302,0.131586553,0.02724074900000001,0.1462278755,0.18561393775,0.07685964186525705,0.23296695712362184
Varari,-17.540245,-149.899765,V9,Wet,Silicate_umolL,1.543652563,1.031073338,0.5125792250000001,1.2095761975,1.28478809875,0.18829850455037506,0.3684334237590348
Varari,-17.540245,-149.899765,V9,Wet,NN_umolL,0.244549007,0.105927381,0.138621626,0.1830570665,0.37027853325,0.33658265919770036,0.5662017953290038
Varari,-17.540245,-149.899765,V9,Wet,Ammonia_umolL,0.264385345,0.163515675,0.10086967,0.2050696585,0.25253482925,0.2356156651004597,0.40611514536937887
Varari,-17.54030501,-149.899788,V10,Dry,Salinity,36.46,36.28,0.17999999999999972,36.3575,36.47375,0.002087153487420246,0.0036956665442888195
Varari,-17.54030501,-149.899788,V10,Dry,Temperature,28.21,26.94,1.2699999999999996,27.490000000000002,28.28,0.020138025316955716,0.03343568097370413
Varari,-17.54030501,-149.899788,V10,Dry,TA,2363.270608,2303.174091,60.09651699999995,2332.94604,2337.85259625,0.011315326798321753,0.008280107468313003
Varari,-17.54030501,-149.899788,V10,Dry,pH,8.073040793958357,8.037549314461437,0.035491479496920775,8.049871328783968,8.016148270132655,0.0019712671978323404,0.006097695916536607
Varari,-17.54030501,-149.899788,V10,Dry,Phosphate_umolL,0.22,0.21,0.010000000000000009,0.215,0.179442168,0.02685350089254076,0.21548778445121605
Varari,-17.54030501,-149.899788,V10,Dry,Silicate_umolL,3.66,0.88,2.7800000000000002,1.7775,1.426567079125,0.7252566934967588,0.6496029063481276
Varari,-17.54030501,-149.899788,V10,Dry,NN_umolL,0.65,0.45,0.2,0.545,0.33607662712499997,0.19215019048813464,0.7018473979403728
Varari,-17.54030501,-149.899788,V10,Dry,Ammonia_umolL,0.43,0.26,0.16999999999999998,0.3125,0.27625400375,0.2578268152591322,0.31569026731211497
Varari,-17.54030501,-149.899788,V10,Dry,M_C,2.490372694,1.346338697,1.144033997,1.66466911975,1.66466911975,0.33119771948777355,0.33119771948777355
Varari,-17.54030501,-149.899788,V10,Dry,HIX,1.639078577,0.811943713,0.827134864,1.07200384425,1.07200384425,0.35693392176334665,0.35693392176334665
Varari,-17.54030501,-149.899788,V10,Dry,VisibleHumidic_Like,0.009871913,0.006634432,0.0032374809999999995,0.0084835205,0.0084835205,0.17194889005128836,0.17194889005128836
Varari,-17.54030501,-149.899788,V10,Dry,Tryptophan_Like,0.062482747,0.016456198,0.046026549,0.028285104749999998,0.028285104749999998,0.8061008777601281,0.8061008777601281
Varari,-17.54030501,-149.899788,V10,Dry,Tyrosine_Like,0.172610166,0.024559381,0.14805078500000002,0.0654356175,0.0654356175,1.0953514841549192,1.0953514841549192
Varari,-17.54030501,-149.899788,V10,Wet,Salinity,36.61,36.56,0.04999999999999716,36.59,36.47375,6.694424003233335e-4,0.0036956665442888195
Varari,-17.54030501,-149.899788,V10,Wet,Temperature,29.51,28.71,0.8000000000000007,29.07,28.28,0.01168915944260949,0.03343568097370413
Varari,-17.54030501,-149.899788,V10,Wet,TA,2355.541037,2329.516085,26.024951999999757,2342.7591525,2337.85259625,0.004543272013292672,0.008280107468313003
Varari,-17.54030501,-149.899788,V10,Wet,pH,8.041790621002262,7.941249572922881,0.10054104807938113,7.982425211481341,8.016148270132655,0.005995534300766949,0.006097695916536607
Varari,-17.54030501,-149.899788,V10,Wet,Phosphate_umolL,0.15502195,0.132885942,0.022136007999999985,0.143884336,0.179442168,0.06362281848786917,0.21548778445121605
Varari,-17.54030501,-149.899788,V10,Wet,Silicate_umolL,1.241850345,0.987118198,0.254732147,1.07563415825,1.426567079125,0.10806143190727223,0.6496029063481276
Varari,-17.54030501,-149.899788,V10,Wet,NN_umolL,0.185062483,0.073660449,0.111402034,0.12715325425000001,0.33607662712499997,0.38968896828445554,0.7018473979403728
Varari,-17.54030501,-149.899788,V10,Wet,Ammonia_umolL,0.334172034,0.129792442,0.204379592,0.2400080075,0.27625400375,0.3668340374683701,0.31569026731211497
Varari,-17.54019303,-149.900068,V11,Dry,Salinity,36.53,36.12,0.4100000000000037,36.3825,36.4625,0.0049544272598986945,0.0045153916979286945
Varari,-17.54019303,-149.900068,V11,Dry,Temperature,28.25,26.97,1.2800000000000011,27.535,28.175,0.020312876604673433,0.028841073537802395
Varari,-17.54019303,-149.900068,V11,Dry,TA,2369.654389,2308.380986,61.27340299999969,2346.7587842499997,2345.8864265,0.011541472955769528,0.011078583395450486
Varari,-17.54019303,-149.900068,V11,Dry,pH,8.05364284248099,8.030577582844687,0.02306525963630257,8.044181471827944,8.012728608989669,0.001365403469803171,0.00577520583667884
Varari,-17.54019303,-149.900068,V11,Dry,Phosphate_umolL,0.23,0.2,0.03,0.2125,0.183813182875,0.05921438772761373,0.1847532932518152
Varari,-17.54019303,-149.900068,V11,Dry,Silicate_umolL,7.61,0.66,6.95,2.6100000000000003,2.08591149725,1.2795214053663049,1.135166728607527
Varari,-17.54019303,-149.900068,V11,Dry,NN_umolL,1.11,0.34,0.77,0.615,0.463686328,0.5513290215863885,0.6546927223241247
Varari,-17.54019303,-149.900068,V11,Dry,Ammonia_umolL,1.02,0.36,0.66,0.5475,0.372399456875,0.5770793526202586,0.765037912894969
Varari,-17.54019303,-149.900068,V11,Dry,M_C,1.813311761,1.249524726,0.563787035,1.50974502675,1.50974502675,0.15842377833571802,0.15842377833571802
Varari,-17.54019303,-149.900068,V11,Dry,HIX,1.179346188,0.614996815,0.564349373,0.86188977575,0.86188977575,0.27289691646577935,0.27289691646577935
Varari,-17.54019303,-149.900068,V11,Dry,VisibleHumidic_Like,0.01230631,0.007472554,0.004833756000000001,0.0098890015,0.0098890015,0.2395882826723657,0.2395882826723657
Varari,-17.54019303,-149.900068,V11,Dry,Tryptophan_Like,0.075195109,0.017209305,0.057985803999999995,0.041408501,0.041408501,0.6545968412318555,0.6545968412318555
Varari,-17.54019303,-149.900068,V11,Dry,Tyrosine_Like,0.203995812,0.023632386,0.180363426,0.08547400425,0.08547400425,0.9929372781131399,0.9929372781131399
Varari,-17.54019303,-149.900068,V11,Wet,Salinity,36.63,36.37,0.2600000000000051,36.542500000000004,36.4625,0.0032020632265569184,0.0045153916979286945
Varari,-17.54019303,-149.900068,V11,Wet,Temperature,29.3,28.45,0.8500000000000014,28.814999999999998,28.175,0.012780992901723813,0.028841073537802395
Varari,-17.54019303,-149.900068,V11,Wet,TA,2385.505837,2316.6125,68.89333699999997,2345.01406875,2345.8864265,0.012362114774365506,0.011078583395450486
Varari,-17.54019303,-149.900068,V11,Wet,pH,8.042885776740297,7.941591869193428,0.10129390754686884,7.981275746151393,8.012728608989669,0.00592711477201897,0.00577520583667884
Varari,-17.54019303,-149.900068,V11,Wet,Phosphate_umolL,0.173538235,0.130612012,0.04292622300000001,0.15512636575,0.183813182875,0.1185467775445808,0.1847532932518152
Varari,-17.54019303,-149.900068,V11,Wet,Silicate_umolL,3.202180346,0.977081198,2.225099148,1.5618229945,2.08591149725,0.7006176301404184,1.135166728607527
Varari,-17.54019303,-149.900068,V11,Wet,NN_umolL,0.540719787,0.122511503,0.418208284,0.31237265599999997,0.463686328,0.6322755272779434,0.6546927223241247
Varari,-17.54019303,-149.900068,V11,Wet,Ammonia_umolL,0.294148198,0.092888905,0.20125929300000003,0.19729891375,0.372399456875,0.4478083834642356,0.765037912894969
Varari,-17.54030996,-149.900112,V12,Dry,Salinity,36.44,36.28,0.1599999999999966,36.345,36.46125,0.0021722784944883454,0.0038240938710524318
Varari,-17.54030996,-149.900112,V12,Dry,Temperature,28.35,27.02,1.3300000000000018,27.6075,28.23625,0.020967890162534798,0.0287173914668169
Varari,-17.54030996,-149.900112,V12,Dry,TA,2364.360097,2343.323603,21.036494000000403,2353.67264725,2345.187674125,0.004192495541607882,0.00637254810881884
Varari,-17.54030996,-149.900112,V12,Dry,pH,8.058605818414089,8.023392074413712,0.03521374400037658,8.041797407996924,8.014308401616498,0.00194971367476079,0.0054638675580857355
Varari,-17.54030996,-149.900112,V12,Dry,Phosphate_umolL,0.24,0.19,0.04999999999999999,0.22,0.182928310875,0.09819304088496757,0.23504517731854066
Varari,-17.54030996,-149.900112,V12,Dry,Silicate_umolL,4.18,0.85,3.3299999999999996,1.88,1.421705055375,0.8367479461558939,0.8029378171511935
Varari,-17.54030996,-149.900112,V12,Dry,NN_umolL,0.75,0.44,0.31,0.5675,0.364789527,0.23701368513785817,0.6521288776576174
Varari,-17.54030996,-149.900112,V12,Dry,Ammonia_umolL,0.76,0.26,0.5,0.4475,0.321454366125,0.534875479193485,0.6505586739886314
Varari,-17.54030996,-149.900112,V12,Dry,M_C,1.856272241,1.220547419,0.635724822,1.4768104527500001,1.4768104527500001,0.197790125321537,0.197790125321537
Varari,-17.54030996,-149.900112,V12,Dry,HIX,1.227312444,0.57176654,0.655545904,0.9651273412500001,0.9651273412500001,0.28870022319373423,0.28870022319373423
Varari,-17.54030996,-149.900112,V12,Dry,VisibleHumidic_Like,0.011221175,0.00602403,0.005197145,0.008941949250000001,0.008941949250000001,0.26281331012913434,0.26281331012913434
Varari,-17.54030996,-149.900112,V12,Dry,Tryptophan_Like,0.0768341,0.01533125,0.061502850000000005,0.036739406749999995,0.036739406749999995,0.7813442232806364,0.7813442232806364
Varari,-17.54030996,-149.900112,V12,Dry,Tyrosine_Like,0.207021455,0.018109768,0.188911687,0.08019437274999999,0.08019437274999999,1.1099019649354616,1.1099019649354616
Varari,-17.54030996,-149.900112,V12,Wet,Salinity,36.63,36.5,0.13000000000000256,36.5775,36.46125,0.0015201355403014212,0.0038240938710524318
Varari,-17.54030996,-149.900112,V12,Wet,Temperature,29.38,28.48,0.8999999999999986,28.865,28.23625,0.013187504805594498,0.0287173914668169
Varari,-17.54030996,-149.900112,V12,Wet,TA,2356.102916,2319.751901,36.351014999999734,2336.702701,2345.187674125,0.006515383239228372,0.00637254810881884
Varari,-17.54030996,-149.900112,V12,Wet,pH,8.04805275096319,7.94470926351412,0.10334348744907018,7.986819395236072,8.014308401616498,0.005890346177086344,0.0054638675580857355
Varari,-17.54030996,-149.900112,V12,Wet,Phosphate_umolL,0.163143128,0.131215299,0.03192782899999999,0.14585662175,0.182928310875,0.09252381843620781,0.23504517731854066
Varari,-17.54030996,-149.900112,V12,Wet,Silicate_umolL,1.077105098,0.909244919,0.16786017900000005,0.96341011075,1.421705055375,0.07980300662149031,0.8029378171511935
Varari,-17.54030996,-149.900112,V12,Wet,NN_umolL,0.25716736,0.111785903,0.145381457,0.162079054,0.364789527,0.4082288840290883,0.6521288776576174
Varari,-17.54030996,-149.900112,V12,Wet,Ammonia_umolL,0.236962716,0.125171999,0.11179071699999998,0.19540873225,0.321454366125,0.24996545154671165,0.6505586739886314
Varari,-17.540749,-149.899133,V13,Dry,Salinity,36.57,36.43,0.14000000000000057,36.50666666666667,36.52142857142857,0.0019433707682425978,0.002341737460918553
Varari,-17.540749,-149.899133,V13,Dry,Temperature,28.36,27.22,1.1400000000000006,27.746666666666666,28.448571428571427,0.020720337013311288,0.027617284587481482
Varari,-17.540749,-149.899133,V13,Dry,TA,2368.647558,2332.892346,35.75521200000003,2351.5679646666667,2341.928935,0.007625107444804947,0.00701375104627437
Varari,-17.540749,-149.899133,V13,Dry,pH,8.070331980923482,8.024186752224807,0.04614522869867521,8.050432739748898,8.00720227774287,0.0029462108097903054,0.006876721981694978
Varari,-17.540749,-149.899133,V13,Dry,Phosphate_umolL,0.24,0.21,0.03,0.22333333333333333,0.18211051185714286,0.06839665216351999,0.22289179342307863
Varari,-17.540749,-149.899133,V13,Dry,Silicate_umolL,1.89,1.07,0.8199999999999998,1.53,1.3974812328571429,0.2738866253563001,0.20200054786420923
Varari,-17.540749,-149.899133,V13,Dry,NN_umolL,0.59,0.53,0.05999999999999994,0.5566666666666666,0.37558403328571427,0.05488114604737527,0.4890344031991673
Varari,-17.540749,-149.899133,V13,Dry,Ammonia_umolL,0.49,0.35,0.14,0.4066666666666667,0.5122123945714285,0.18125692120898346,1.0370209419971919
Varari,-17.540749,-149.899133,V13,Dry,M_C,2.000585438,1.145337574,0.8552478639999999,1.7101588203333333,1.7101588203333333,0.28606420597441634,0.28606420597441634
Varari,-17.540749,-149.899133,V13,Dry,HIX,1.61107823,0.600674017,1.010404213,1.12122287,1.12122287,0.4512045990399661,0.4512045990399661
Varari,-17.540749,-149.899133,V13,Dry,VisibleHumidic_Like,0.011186499,0.008648431,0.002538068000000001,0.010226806333333333,0.010226806333333333,0.13469564272952847,0.13469564272952847
Varari,-17.540749,-149.899133,V13,Dry,Tryptophan_Like,0.069755626,0.015352756,0.05440287,0.04148306166666667,0.04148306166666667,0.6572472805972726,0.6572472805972726
Varari,-17.540749,-149.899133,V13,Dry,Tyrosine_Like,0.196349479,0.019141076,0.177208403,0.09050378199999999,0.09050378199999999,1.0331214798405859,1.0331214798405859
Varari,-17.540749,-149.899133,V13,Wet,Salinity,36.6,36.38,0.21999999999999886,36.5325,36.52142857142857,0.0028567206741856614,0.002341737460918553
Varari,-17.540749,-149.899133,V13,Wet,Temperature,29.43,28.56,0.870000000000001,28.975,28.448571428571427,0.01345692909566586,0.027617284587481482
Varari,-17.540749,-149.899133,V13,Wet,TA,2350.382849,2320.632545,29.750304000000142,2334.6996627500002,2341.928935,0.005462850034908242,0.00701375104627437
Varari,-17.540749,-149.899133,V13,Wet,pH,8.034910979849021,7.932415829182265,0.10249515066675663,7.974779431238349,8.00720227774287,0.00616655591222137,0.006876721981694978
Varari,-17.540749,-149.899133,V13,Wet,Phosphate_umolL,0.164488923,0.134742211,0.02974671200000001,0.15119339575000001,0.18211051185714286,0.08518553415083574,0.22289179342307863
Varari,-17.540749,-149.899133,V13,Wet,Silicate_umolL,1.410056627,1.170206929,0.239849698,1.2980921575,1.3974812328571429,0.08289427928213756,0.20200054786420923
Varari,-17.540749,-149.899133,V13,Wet,NN_umolL,0.34603662,0.125666091,0.220370529,0.23977205825,0.37558403328571427,0.4057655749085169,0.4890344031991673
Varari,-17.540749,-149.899133,V13,Wet,Ammonia_umolL,1.689881996,0.132612713,1.5572692830000001,0.5913716904999999,0.5122123945714285,1.2439674093837934,1.0370209419971919
Varari,-17.54039696,-149.899396,V14,Dry,Salinity,36.38,36.28,0.10000000000000142,36.325,36.41875,0.0013202564413799937,0.002980711994799946
Varari,-17.54039696,-149.899396,V14,Dry,Temperature,28.32,26.97,1.3500000000000014,27.495,28.205,0.02276459963500793,0.032040093768289465
Varari,-17.54039696,-149.899396,V14,Dry,TA,2382.973932,2307.005078,75.96885399999974,2335.3393265,2334.58966325,0.014489816638493155,0.01034605464414314
Varari,-17.54039696,-149.899396,V14,Dry,pH,8.093790972368412,8.023751142472964,0.07003982989544788,8.049394265462329,8.010612365718512,0.00392084363530288,0.0071533031183807095
Varari,-17.54039696,-149.899396,V14,Dry,Phosphate_umolL,0.23,0.22,0.010000000000000009,0.2225,0.18791985325,0.02247191011235957,0.19971220710118096
Varari,-17.54039696,-149.899396,V14,Dry,Silicate_umolL,3.66,1.45,2.21,2.6275,2.76752988775,0.36351650079991094,0.27355773159528496
Varari,-17.54039696,-149.899396,V14,Dry,NN_umolL,0.6,0.44,0.15999999999999998,0.495,0.349528805875,0.14427128138470402,0.4741134690173917
Varari,-17.54039696,-149.899396,V14,Dry,Ammonia_umolL,0.69,0.32,0.36999999999999994,0.45,0.346129111625,0.3775598499962861,0.45580095363679796
Varari,-17.54039696,-149.899396,V14,Dry,M_C,2.630905795,1.247032385,1.3838734099999999,1.74481855625,1.74481855625,0.37259548657242675,0.37259548657242675
Varari,-17.54039696,-149.899396,V14,Dry,HIX,2.207360452,0.634885885,1.572474567,1.34631615425,1.34631615425,0.4843101167466968,0.4843101167466968
Varari,-17.54039696,-149.899396,V14,Dry,VisibleHumidic_Like,0.013235275,0.008579481,0.0046557939999999996,0.01120986825,0.01120986825,0.20728074569164695,0.20728074569164695
Varari,-17.54039696,-149.899396,V14,Dry,Tryptophan_Like,0.080197719,0.017483767,0.062713952,0.0383983465,0.0383983465,0.7617362842022594,0.7617362842022594
Varari,-17.54039696,-149.899396,V14,Dry,Tyrosine_Like,0.218383297,0.020414453,0.197968844,0.08002616725,0.08002616725,1.1748921383167992,1.1748921383167992
Varari,-17.54039696,-149.899396,V14,Wet,Salinity,36.57,36.47,0.10000000000000142,36.5125,36.41875,0.0011484419149067023,0.002980711994799946
Varari,-17.54039696,-149.899396,V14,Wet,Temperature,29.4,28.53,0.8699999999999974,28.915,28.205,0.014238415251764718,0.032040093768289465
Varari,-17.54039696,-149.899396,V14,Wet,TA,2354.98,2322.19,32.789999999999964,2333.84,2334.58966325,0.006278748078681895,0.01034605464414314
Varari,-17.54039696,-149.899396,V14,Wet,pH,8.015504621165217,7.915014660600744,0.1004899605644729,7.971830465974693,8.010612365718512,0.006463368975985726,0.0071533031183807095
Varari,-17.54039696,-149.899396,V14,Wet,Phosphate_umolL,0.163235941,0.143002608,0.020233332999999992,0.1533397065,0.18791985325,0.055611899553772694,0.19971220710118096
Varari,-17.54039696,-149.899396,V14,Wet,Silicate_umolL,3.467295597,2.041695443,1.425600154,2.9075597755,2.76752988775,0.20999896279266653,0.27355773159528496
Varari,-17.54039696,-149.899396,V14,Wet,NN_umolL,0.279610003,0.174607276,0.10500272699999999,0.20405761175,0.349528805875,0.24727820592088381,0.4741134690173917
Varari,-17.54039696,-149.899396,V14,Wet,Ammonia_umolL,0.272426115,0.223881462,0.04854465300000002,0.24225822325000002,0.346129111625,0.08650194643266797,0.45580095363679796
Varari,-17.54014299,-149.900183,V15,Dry,Salinity,36.45,36.15,0.30000000000000426,36.3675,36.4475,0.003993392537686044,0.003934495654358044
Varari,-17.54014299,-149.900183,V15,Dry,Temperature,28.17,26.87,1.3000000000000007,27.435000000000002,28.1675,0.020929290643274073,0.03209495366747468
Varari,-17.54014299,-149.900183,V15,Dry,TA,2376.479103,2313.6248650000002,62.854237999999896,2336.4903915,2336.0471595,0.012576023694090126,0.00897120917470415
Varari,-17.54014299,-149.900183,V15,Dry,pH,8.062723405526853,7.982300802952059,0.08042260257479406,8.033880475252708,8.005115420302205,0.004698611190238851,0.006266493304307698
Varari,-17.54014299,-149.900183,V15,Dry,Phosphate_umolL,0.28,0.18,0.10000000000000003,0.225,0.1936423015,0.1832491389163405,0.22708173776928164
Varari,-17.54014299,-149.900183,V15,Dry,Silicate_umolL,7.61,0.65,6.96,2.665,2.3093493188750003,1.2408580688286555,1.0434600443036919
Varari,-17.54014299,-149.900183,V15,Dry,NN_umolL,1.08,0.39,0.6900000000000001,0.6000000000000001,0.45163470787500004,0.5438205041562342,0.631806848861017
Varari,-17.54014299,-149.900183,V15,Dry,Ammonia_umolL,0.47,0.26,0.20999999999999996,0.3675,0.442277282875,0.24274691503079607,0.9493255519346154
Varari,-17.54014299,-149.900183,V15,Dry,M_C,2.079560419,1.197810136,0.8817502829999999,1.653360789,1.653360789,0.296937485819563,0.296937485819563
Varari,-17.54014299,-149.900183,V15,Dry,HIX,1.544297526,0.605945325,0.938352201,1.08048387675,1.08048387675,0.3680437023113069,0.3680437023113069
Varari,-17.54014299,-149.900183,V15,Dry,VisibleHumidic_Like,0.010396624,0.007847656,0.0025489680000000004,0.008967568,0.008967568,0.12291490272399781,0.12291490272399781
Varari,-17.54014299,-149.900183,V15,Dry,Tryptophan_Like,0.068866392,0.016015341,0.052851050999999996,0.03359782175,0.03359782175,0.7297857540188787,0.7297857540188787
Varari,-17.54014299,-149.900183,V15,Dry,Tyrosine_Like,0.202194234,0.015976805,0.186217429,0.0711601435,0.0711601435,1.2470858624378485,1.2470858624378485
Varari,-17.54014299,-149.900183,V15,Wet,Salinity,36.59,36.38,0.21000000000000085,36.5275,36.4475,0.0027136031211551417,0.003934495654358044
Varari,-17.54014299,-149.900183,V15,Wet,Temperature,29.4,28.51,0.889999999999997,28.9,28.1675,0.01324254801179489,0.03209495366747468
Varari,-17.54014299,-149.900183,V15,Wet,TA,2352.742306,2325.725545,27.016761000000315,2335.6039275,2336.0471595,0.005430609251748703,0.00897120917470415
Varari,-17.54014299,-149.900183,V15,Wet,pH,8.036101701175365,7.937086860496725,0.09901484067863997,7.976350365351702,8.005115420302205,0.005933978340637073,0.006266493304307698
Varari,-17.54014299,-149.900183,V15,Wet,Phosphate_umolL,0.179246262,0.148246568,0.030999693999999994,0.162284603,0.1936423015,0.08484084789211134,0.22708173776928164
Varari,-17.54014299,-149.900183,V15,Wet,Silicate_umolL,4.175077174,0.984003267,3.1910739070000003,1.95369863775,2.3093493188750003,0.772234149528157,1.0434600443036919
Varari,-17.54014299,-149.900183,V15,Wet,NN_umolL,0.529273138,0.1682981,0.36097503799999997,0.30326941575,0.45163470787500004,0.51947681174026,0.631806848861017
Varari,-17.54014299,-149.900183,V15,Wet,Ammonia_umolL,1.451119107,0.180377291,1.2707418160000001,0.51705456575,0.442277282875,1.2054253008992388,0.9493255519346154
Varari,-17.54029797,-149.900492,V16,Dry,Salinity,36.59,36.4,0.19000000000000483,36.4775,36.5375,0.0022977252572463345,0.0024071956066614615
Varari,-17.54029797,-149.900492,V16,Dry,Temperature,28.16,26.91,1.25,27.48,28.17375,0.019773815708611864,0.03026905119908672
Varari,-17.54029797,-149.900492,V16,Dry,TA,2363.988112,2321.911981,42.076130999999805,2347.2227414999998,2343.26512575,0.008558439357541055,0.006458964790105269
Varari,-17.54029797,-149.900492,V16,Dry,pH,8.088842451372694,8.032938945702384,0.05590350567030988,8.055117402988603,8.024863207962717,0.0029585377128844145,0.005753060472779244
Varari,-17.54029797,-149.900492,V16,Dry,Phosphate_umolL,0.21,0.19,0.01999999999999999,0.205,0.17683791525,0.04878048780487804,0.18359465055210797
Varari,-17.54029797,-149.900492,V16,Dry,Silicate_umolL,1.37,0.66,0.7100000000000001,1.07,1.07013477725,0.2932654089909609,0.26013360762522614
Varari,-17.54029797,-149.900492,V16,Dry,NN_umolL,0.47,0.32,0.14999999999999997,0.3875,0.256706975875,0.20360946887818707,0.5851677037341866
Varari,-17.54029797,-149.900492,V16,Dry,Ammonia_umolL,0.86,0.3,0.56,0.4575,0.36665822,0.5893200469947726,0.5724499627181385
Varari,-17.54029797,-149.900492,V16,Dry,M_C,2.771005698,1.323041074,1.4479646240000001,1.85502303125,1.85502303125,0.35331964724095083,0.35331964724095083
Varari,-17.54029797,-149.900492,V16,Dry,HIX,1.724238393,0.808535059,0.915703334,1.046128729,1.046128729,0.4323518670957322,0.4323518670957322
Varari,-17.54029797,-149.900492,V16,Dry,VisibleHumidic_Like,0.012570984,0.0057681,0.006802884,0.009006388,0.009006388,0.3618538596539712,0.3618538596539712
Varari,-17.54029797,-149.900492,V16,Dry,Tryptophan_Like,0.073149533,0.01450784,0.058641693,0.03722103075,0.03722103075,0.74774705555814,0.74774705555814
Varari,-17.54029797,-149.900492,V16,Dry,Tyrosine_Like,0.202283118,0.018363288,0.18391983,0.07673310575,0.07673310575,1.129940798947439,1.129940798947439
Varari,-17.54029797,-149.900492,V16,Wet,Salinity,36.64,36.55,0.09000000000000341,36.5975,36.5375,0.0010314686024005702,0.0024071956066614615
Varari,-17.54029797,-149.900492,V16,Wet,Temperature,29.36,28.58,0.7800000000000011,28.8675,28.17375,0.011910924913452301,0.03026905119908672
Varari,-17.54029797,-149.900492,V16,Wet,TA,2350.500981,2329.885978,20.615003000000343,2339.30751,2343.26512575,0.0040368765585537,0.006458964790105269
Varari,-17.54029797,-149.900492,V16,Wet,pH,8.052399017576992,7.951601105913203,0.10079791166378893,7.994609012936833,8.024863207962717,0.005544187957237637,0.005753060472779244
Varari,-17.54029797,-149.900492,V16,Wet,Phosphate_umolL,0.164999397,0.127456354,0.037543043,0.1486758305,0.17683791525,0.10518529297458322,0.18359465055210797
Varari,-17.54029797,-149.900492,V16,Wet,Silicate_umolL,1.469932526,0.828602813,0.641329713,1.0702695545,1.07013477725,0.2681313015180378,0.26013360762522614
Varari,-17.54029797,-149.900492,V16,Wet,NN_umolL,0.156671188,0.087811031,0.06886015699999999,0.12591395175,0.256706975875,0.22583282647937147,0.5851677037341866
Varari,-17.54029797,-149.900492,V16,Wet,Ammonia_umolL,0.387457142,0.178217084,0.20924005799999998,0.27581644,0.36665822,0.3262642999026293,0.5724499627181385
Varari,-17.54031901,-149.899572,V17,Dry,Salinity,37.05,36.02,1.029999999999994,36.4525,36.48428571428571,0.01199832735792775,0.00859622188613817
Varari,-17.54031901,-149.899572,V17,Dry,Temperature,28.31,26.98,1.3299999999999983,27.4875,28.094285714285714,0.022430916315189706,0.032231375739607736
Varari,-17.54031901,-149.899572,V17,Dry,TA,2361.397676,2314.889032,46.508644000000004,2345.49095175,2341.1691152857143,0.008930293778926308,0.007536870534676342
Varari,-17.54031901,-149.899572,V17,Dry,pH,8.075424710541673,8.01670253451603,0.058722176025643336,8.043400972046769,8.017823602358296,0.003004972943000613,0.005963768542851939
Varari,-17.54031901,-149.899572,V17,Dry,Phosphate_umolL,0.29,0.21,0.07999999999999999,0.23249999999999998,0.19621901842857142,0.16611656238360525,0.2699238835116963
Varari,-17.54031901,-149.899572,V17,Dry,Silicate_umolL,7.39,1.25,6.14,3.3499999999999996,3.026725021,0.8232566676337615,0.6583099553959297
Varari,-17.54031901,-149.899572,V17,Dry,NN_umolL,0.99,0.41,0.5800000000000001,0.6025,0.4486804034285714,0.4352167678077583,0.6057306539269237
Varari,-17.54031901,-149.899572,V17,Dry,Ammonia_umolL,0.33,0.24,0.09000000000000002,0.2975,0.2650405392857143,0.13550013022350507,0.19866973032073784
Varari,-17.54031901,-149.899572,V17,Dry,M_C,2.472934781,1.188061897,1.284872884,1.7182048665,1.7182048665,0.3434511578012972,0.3434511578012972
Varari,-17.54031901,-149.899572,V17,Dry,HIX,1.715735979,0.660344616,1.055391363,1.108252157,1.108252157,0.4063144582151507,0.4063144582151507
Varari,-17.54031901,-149.899572,V17,Dry,VisibleHumidic_Like,0.012777723,0.00948239,0.0032953329999999992,0.011161530499999999,0.011161530499999999,0.16250743054150663,0.16250743054150663
Varari,-17.54031901,-149.899572,V17,Dry,Tryptophan_Like,0.079111752,0.017551844,0.061559907999999997,0.03854425425,0.03854425425,0.7401483187769744,0.7401483187769744
Varari,-17.54031901,-149.899572,V17,Dry,Tyrosine_Like,0.240831641,0.025572462,0.21525917900000002,0.08885894725,0.08885894725,1.1569800088699818,1.1569800088699818
Varari,-17.54031901,-149.899572,V17,Wet,Salinity,36.57,36.46,0.10999999999999943,36.526666666666664,36.48428571428571,0.0016041609628806958,0.00859622188613817
Varari,-17.54031901,-149.899572,V17,Wet,Temperature,29.28,28.46,0.8200000000000003,28.903333333333332,28.094285714285714,0.014325167320210122,0.032231375739607736
Varari,-17.54031901,-149.899572,V17,Wet,TA,2351.13,2325.71,25.420000000000073,2335.4066666666668,2341.1691152857143,0.005883297430971461,0.007536870534676342
Varari,-17.54031901,-149.899572,V17,Wet,pH,8.021317910894028,7.921680295036358,0.09963761585767017,7.983720442773668,8.017823602358296,0.006779977790425243,0.005963768542851939
Varari,-17.54031901,-149.899572,V17,Wet,Phosphate_umolL,0.152980054,0.141331966,0.011648088000000001,0.14784437633333333,0.19621901842857142,0.040210068324219764,0.2699238835116963
Varari,-17.54031901,-149.899572,V17,Wet,Silicate_umolL,2.725595881,2.499244218,0.22635166299999998,2.5956917156666663,3.026725021,0.045007600038663914,0.6583099553959297
Varari,-17.54031901,-149.899572,V17,Wet,NN_umolL,0.344684654,0.173705965,0.170978689,0.24358760799999998,0.4486804034285714,0.36808829798448517,0.6057306539269237
Varari,-17.54031901,-149.899572,V17,Wet,Ammonia_umolL,0.248183791,0.187577982,0.06060580899999998,0.22176125833333332,0.2650405392857143,0.13996716981933946,0.19866973032073784
Varari,-17.54019697,-149.899906,V18,Dry,Salinity,36.57,36.13,0.4399999999999977,36.4075,36.4225,0.0052612975224587966,0.00629128618875194
Varari,-17.54019697,-149.899906,V18,Dry,Temperature,28.3,27.01,1.2899999999999991,27.55,28.17625,0.020624812154994798,0.027548619377279378
Varari,-17.54019697,-149.899906,V18,Dry,TA,2382.01882,2320.524277,61.494542999999794,2356.7331245,2354.67743725,0.01105961590078255,0.010257829408577657
Varari,-17.54019697,-149.899906,V18,Dry,pH,8.06491147928196,8.026428758568187,0.03848272071377323,8.045385826341224,8.010872399075334,0.001975068262959246,0.006380957590852523
Varari,-17.54019697,-149.899906,V18,Dry,Phosphate_umolL,0.31,0.21,0.1,0.24,0.2049987715,0.19543398999264291,0.25534262188512075
Varari,-17.54019697,-149.899906,V18,Dry,Silicate_umolL,7.67,0.88,6.79,2.79,2.784979697,1.168301181915863,1.092256735435834
Varari,-17.54019697,-149.899906,V18,Dry,NN_umolL,1.09,0.31,0.78,0.595,0.47393580837500004,0.5733203156666398,0.6549878845842908
Varari,-17.54019697,-149.899906,V18,Dry,Ammonia_umolL,0.48,0.2,0.27999999999999997,0.33,0.786178960375,0.3481553119113956,1.789953396677002
Varari,-17.54019697,-149.899906,V18,Dry,M_C,2.231542494,1.135419816,1.0961226780000002,1.676425572,1.676425572,0.2770896763961975,0.2770896763961975
Varari,-17.54019697,-149.899906,V18,Dry,HIX,1.466412087,0.481185134,0.985226953,0.97823003275,0.97823003275,0.43449338375131535,0.43449338375131535
Varari,-17.54019697,-149.899906,V18,Dry,VisibleHumidic_Like,0.012453514,0.007231295,0.005222219,0.00973390575,0.00973390575,0.22574873752034721,0.22574873752034721
Varari,-17.54019697,-149.899906,V18,Dry,Tryptophan_Like,0.079158781,0.015240176,0.063918605,0.039124832,0.039124832,0.7456629165571274,0.7456629165571274
Varari,-17.54019697,-149.899906,V18,Dry,Tyrosine_Like,0.225824577,0.021049432,0.204775145,0.087569736,0.087569736,1.1022546382176226,1.1022546382176226
Varari,-17.54019697,-149.899906,V18,Wet,Salinity,36.6,36,0.6000000000000014,36.4375,36.4225,0.008011889167475814,0.00629128618875194
Varari,-17.54019697,-149.899906,V18,Wet,Temperature,29.07,28.61,0.46000000000000085,28.802500000000002,28.17625,0.006692647136707362,0.027548619377279378
Varari,-17.54019697,-149.899906,V18,Wet,TA,2389.34,2329.31,60.0300000000002,2352.6217500000002,2354.67743725,0.011007758402474931,0.010257829408577657
Varari,-17.54019697,-149.899906,V18,Wet,pH,8.045124811185318,7.934220317717556,0.11090449346776143,7.976358971809445,8.010872399075334,0.006475622451909514,0.006380957590852523
Varari,-17.54019697,-149.899906,V18,Wet,Phosphate_umolL,0.201475084,0.141192746,0.06028233799999999,0.169997543,0.2049987715,0.17904429414269712,0.25534262188512075
Varari,-17.54019697,-149.899906,V18,Wet,Silicate_umolL,7.738904509,0.858814892,6.880089617,2.779959394,2.784979697,1.1912069366487537,1.092256735435834
Varari,-17.54019697,-149.899906,V18,Wet,NN_umolL,0.669156598,0.110343805,0.5588127930000001,0.35287161675,0.47393580837500004,0.7465236102588101,0.6549878845842908
Varari,-17.54019697,-149.899906,V18,Wet,Ammonia_umolL,4.25986836,0.164055727,4.0958126329999995,1.24235792075,0.786178960375,1.620375903255573,1.789953396677002
Varari,-17.54050802,-149.89978,V19,Dry,Salinity,36.63,36.27,0.35999999999999943,36.462500000000006,36.5175,0.004173565255139197,0.0032917957911059673
Varari,-17.54050802,-149.89978,V19,Dry,Temperature,27.95,26.74,1.2100000000000009,27.3175,28.11875,0.019716357073384067,0.03378792603579687
Varari,-17.54050802,-149.89978,V19,Dry,TA,2369.352141,2317.13505,52.21709099999998,2343.057206,2337.98002575,0.010764565441062074,0.008002544469274854
Varari,-17.54050802,-149.89978,V19,Dry,pH,8.09779178367134,8.04369093087045,0.0541008528008895,8.059981792481185,8.026288902217969,0.0031475588058303004,0.00610277642599558
Varari,-17.54050802,-149.89978,V19,Dry,Phosphate_umolL,0.22,0.19,0.03,0.20750000000000002,0.177265877875,0.07228915662650601,0.22141576620165643
Varari,-17.54050802,-149.89978,V19,Dry,Silicate_umolL,1.29,0.7,0.5900000000000001,1.075,1.00265511025,0.24358360531463985,0.22337998850036647
Varari,-17.54050802,-149.89978,V19,Dry,NN_umolL,0.47,0.23,0.23999999999999996,0.3525,0.25546221825,0.28404233183689054,0.6092147955909448
Varari,-17.54050802,-149.89978,V19,Dry,Ammonia_umolL,0.44,0.14,0.3,0.2675,0.320101337375,0.5505828438658037,0.8624670467738512
Varari,-17.54050802,-149.89978,V19,Dry,M_C,2.022733439,1.345040311,0.677693128,1.64196538025,1.64196538025,0.19331140741949426,0.19331140741949426
Varari,-17.54050802,-149.89978,V19,Dry,HIX,1.174045422,0.597586142,0.57645928,0.893451989,0.893451989,0.26519751612832226,0.26519751612832226
Varari,-17.54050802,-149.89978,V19,Dry,VisibleHumidic_Like,0.010930178,0.005693159,0.005237019000000001,0.0080158755,0.0080158755,0.2782594522326421,0.2782594522326421
Varari,-17.54050802,-149.89978,V19,Dry,Tryptophan_Like,0.073283634,0.014386242,0.058897392,0.0352087845,0.0352087845,0.7850434171046449,0.7850434171046449
Varari,-17.54050802,-149.89978,V19,Dry,Tyrosine_Like,0.22299129,0.01558453,0.20740676000000002,0.086049663,0.086049663,1.1307864854610339,1.1307864854610339
Varari,-17.54050802,-149.89978,V19,Wet,Salinity,36.62,36.52,0.09999999999999432,36.5725,36.5175,0.0013648669657868049,0.0032917957911059673
Varari,-17.54050802,-149.89978,V19,Wet,Temperature,29.37,28.63,0.740000000000002,28.92,28.11875,0.011154690721009889,0.03378792603579687
Varari,-17.54050802,-149.89978,V19,Wet,TA,2343.707945,2320.615292,23.092653000000155,2332.9028455,2337.98002575,0.004534551479525496,0.008002544469274854
Varari,-17.54050802,-149.89978,V19,Wet,pH,8.047307202028277,7.950193417749299,0.09711378427897799,7.9925960119547526,8.026288902217969,0.005493049733371275,0.00610277642599558
Varari,-17.54050802,-149.89978,V19,Wet,Phosphate_umolL,0.187056048,0.11887111,0.068184938,0.14703175575,0.177265877875,0.20762666277908245,0.22141576620165643
Varari,-17.54050802,-149.89978,V19,Wet,Silicate_umolL,1.185435481,0.739466183,0.44596929800000007,0.9303102205,1.00265511025,0.1997303026012873,0.22337998850036647
Varari,-17.54050802,-149.89978,V19,Wet,NN_umolL,0.37666396,0.067080879,0.30958308100000004,0.1584244365,0.25546221825,0.922973274274469,0.6092147955909448
Varari,-17.54050802,-149.89978,V19,Wet,Ammonia_umolL,0.950458716,0.155294887,0.795163829,0.37270267474999996,0.320101337375,1.0349025460610024,0.8624670467738512
Varari,-17.54045103,-149.899509,V20,Dry,Salinity,36.53,36.29,0.240000000000002,36.4225,36.50875,0.0029002131242118366,0.003323969423209095
Varari,-17.54045103,-149.899509,V20,Dry,Temperature,28.33,27.01,1.3199999999999967,27.5475,28.23125,0.021696452540555845,0.03088079147999855
Varari,-17.54045103,-149.899509,V20,Dry,TA,2363.766285,2316.749816,47.01646900000014,2337.1977695,2331.261619875,0.00923841622176224,0.007949707636080333
Varari,-17.54045103,-149.899509,V20,Dry,pH,8.076786968432812,8.021213679401516,0.05557328903129566,8.051684469886574,8.013553448871276,0.0029608178352200213,0.006769950053150993
Varari,-17.54045103,-149.899509,V20,Dry,Phosphate_umolL,0.27,0.19,0.08000000000000002,0.21250000000000002,0.183378119625,0.18175106237265048,0.22086877741649466
Varari,-17.54045103,-149.899509,V20,Dry,Silicate_umolL,1.88,0.75,1.13,1.3675,1.365156752375,0.3992970862249473,0.27063785975997967
Varari,-17.54045103,-149.899509,V20,Dry,NN_umolL,0.61,0.32,0.29,0.4425,0.31178709112499997,0.28368858843917966,0.5462892809926106
Varari,-17.54045103,-149.899509,V20,Dry,Ammonia_umolL,0.43,0.22,0.21,0.28500000000000003,0.27032725375,0.3443843710955662,0.4213082286705625
Varari,-17.54045103,-149.899509,V20,Dry,M_C,2.264358254,1.264505195,0.9998530589999999,1.68407808,1.68407808,0.2887282979298986,0.2887282979298986
Varari,-17.54045103,-149.899509,V20,Dry,HIX,1.327944744,0.583608704,0.7443360400000001,1.02813714425,1.02813714425,0.3086308609216816,0.3086308609216816
Varari,-17.54045103,-149.899509,V20,Dry,VisibleHumidic_Like,0.012703487,0.008611427,0.00409206,0.0103874745,0.0103874745,0.18343906978357485,0.18343906978357485
Varari,-17.54045103,-149.899509,V20,Dry,Tryptophan_Like,0.072470915,0.016409964,0.056060951,0.03693948925,0.03693948925,0.7161210791195227,0.7161210791195227
Varari,-17.54045103,-149.899509,V20,Dry,Tyrosine_Like,0.216782414,0.01870176,0.198080654,0.0869239635,0.0869239635,1.0650698258362061,1.0650698258362061
Varari,-17.54045103,-149.899509,V20,Wet,Salinity,36.66,36.52,0.13999999999999346,36.595,36.50875,0.0015855440347523233,0.003323969423209095
Varari,-17.54045103,-149.899509,V20,Wet,Temperature,29.4,28.53,0.8699999999999974,28.915,28.23125,0.014238415251764718,0.03088079147999855
Varari,-17.54045103,-149.899509,V20,Wet,TA,2347.161306,2310.803421,36.3578849999999,2325.32547025,2331.261619875,0.006679444627277453,0.007949707636080333
Varari,-17.54045103,-149.899509,V20,Wet,pH,8.033626688453257,7.930857651646049,0.10276903680720828,7.97542242785598,8.013553448871276,0.006170555148783369,0.006769950053150993
Varari,-17.54045103,-149.899509,V20,Wet,Phosphate_umolL,0.166438005,0.147596874,0.01884113100000001,0.15425623924999998,0.183378119625,0.05595415153427213,0.22086877741649466
Varari,-17.54045103,-149.899509,V20,Wet,Silicate_umolL,1.495544182,1.164669273,0.33087490900000005,1.36281350475,1.365156752375,0.10463448282855331,0.27063785975997967
Varari,-17.54045103,-149.899509,V20,Wet,NN_umolL,0.28925403,0.119176652,0.170077378,0.18107418225,0.31178709112499997,0.4408239703290506,0.5462892809926106
Varari,-17.54045103,-149.899509,V20,Wet,Ammonia_umolL,0.465584632,0.15511487,0.310469762,0.2556545075,0.27032725375,0.5539842548260274,0.4213082286705625
Varari,-17.540302,-149.899331,VSEEP,Dry,Salinity,36.17,29.44,6.73,34.608,30.185769230769232,0.06000281183972864,0.25349456614396915
Varari,-17.540302,-149.899331,VSEEP,Dry,Temperature,27.84,26.08,1.7600000000000016,26.754,27.783461538461538,0.02243222817675461,0.044302936132012076
Varari,-17.540302,-149.899331,VSEEP,Dry,TA,2833.929859,2355.901122,478.02873699999964,2484.8963596,2653.2827625384616,0.059636904747077064,0.13284040921226176
Varari,-17.540302,-149.899331,VSEEP,Dry,pH,8.037784458218706,7.743361952307488,0.29442250591121777,7.940634259637471,7.700350705483674,0.011501568236834873,0.04694836976911211
Varari,-17.540302,-149.899331,VSEEP,Dry,Phosphate_umolL,1.07,0.2,0.8700000000000001,0.4,0.7935216941923077,0.6630108093638695,0.867425846939646
Varari,-17.540302,-149.899331,VSEEP,Dry,Silicate_umolL,164.27,3.03,161.24,43.089000000000006,129.53662255207692,1.2036640194893324,1.1741463628834417
Varari,-17.540302,-149.899331,VSEEP,Dry,NN_umolL,12.7,0.35,12.35,3.0189999999999997,6.168588690769231,1.2523296239255115,1.0318289585426594
Varari,-17.540302,-149.899331,VSEEP,Dry,Ammonia_umolL,1.1,0.24,0.8600000000000001,0.46900000000000003,1.1705651533846153,0.512954580836907,1.1375870962560979
Varari,-17.540302,-149.899331,VSEEP,Dry,M_C,1.995887904,1.112584302,0.883303602,1.4192306724,1.4192306724,0.23984702783816958,0.23984702783816958
Varari,-17.540302,-149.899331,VSEEP,Dry,HIX,2.302147814,0.590968416,1.711179398,1.0711312703,1.0711312703,0.576526655547372,0.576526655547372
Varari,-17.540302,-149.899331,VSEEP,Dry,VisibleHumidic_Like,0.033170584,0.012190915,0.020979669000000003,0.0169489746,0.0169489746,0.41152800198713807,0.41152800198713807
Varari,-17.540302,-149.899331,VSEEP,Dry,Tryptophan_Like,0.092004154,0.018434385,0.07356976900000001,0.0587982284,0.0587982284,0.4246977482696038,0.4246977482696038
Varari,-17.540302,-149.899331,VSEEP,Dry,Tyrosine_Like,0.218519677,0.019369924,0.19914975299999998,0.0945469058,0.0945469058,0.7613792752446984,0.7613792752446984
Varari,-17.540302,-149.899331,VSEEP,Wet,Salinity,36.54,15.12,21.42,27.421875,30.185769230769232,0.313307633911043,0.25349456614396915
Varari,-17.540302,-149.899331,VSEEP,Wet,Temperature,30.09,26.98,3.1099999999999994,28.426875,27.783461538461538,0.037903020407035165,0.044302936132012076
Varari,-17.540302,-149.899331,VSEEP,Wet,TA,3370.869465,2294.644581,1076.2248840000002,2758.524264375,2653.2827625384616,0.1464287471259336,0.13284040921226176
Varari,-17.540302,-149.899331,VSEEP,Wet,pH,8.019435671518288,7.025903882158052,0.9935317893602358,7.5501734841375505,7.700350705483674,0.05134350005282576,0.04694836976911211
Varari,-17.540302,-149.899331,VSEEP,Wet,Phosphate_umolL,2.3580421,0.16495299,2.19308911,1.0394727530625,0.7935216941923077,0.7324546975169552,0.867425846939646
Varari,-17.540302,-149.899331,VSEEP,Wet,Silicate_umolL,447.2495465,3.096964894,444.152581606,183.566386647125,129.53662255207692,0.9252116971882681,1.1741463628834417
Varari,-17.540302,-149.899331,VSEEP,Wet,NN_umolL,18.53571555,0.353787894,18.181927656,8.1370816225,6.168588690769231,0.8531845171615737,1.0318289585426594
Varari,-17.540302,-149.899331,VSEEP,Wet,Ammonia_umolL,4.325574659,0.208039943,4.117534716,1.6090433742499999,1.1705651533846153,0.9602765778693315,1.1375870962560979
