Micro_Vial,Weight..mg.,μg.N,δ15N...........vs..AIR.,μg.C,δ13C............vs..VPDB.,HS,δ15N,δ13C,Vial_No_Only,Placement_Code,Pin_Number,Cage_Uncaged,Metabolomics_Vial,Genotype,Species,CowTagID,Δ15N,Δ13C,C_N_ratio,Percent_N,Percent_C,δ15N_T0,δ13C_T0,δ15N_T1_T0,δ13C_T1_T0,Δ15N_T1T0,Δ13C_T1T0,δ15N_T1_T0_host,δ15N_T1_T0_symb,δ13C_T1_T0_host,δ13C_T1_T0_symb,Percent_N15,Percent_C13
PA11,18.9044,51.9,5.6,309,-16.6,host,5.6,-16.6,NA,T0,T0,NA,NA,PA11,Pocillopora acuta,T0,0.2999999999999998,0.3999999999999986,5.9537572254335265,0.27453926070121243,1.634540107065022,5.6,-16.6,0,0,0,0,0,0,0,0,10.789980732177264,-5.372168284789645
PA13,18.9256,45.8,5.8,270.8,-17,host,5.8,-17,NA,T0,T0,NA,NA,PA13,Pocillopora acuta,T0,0.5,0.3000000000000007,5.9126637554585155,0.24200025362471994,1.4308661284186501,5.8,-17,0,0,0,0,0,0,0,0,12.663755458515286,-6.277695716395863
PA19,19.4628,45.7,5.7,264.5,-16.9,host,5.7,-16.9,NA,T0,T0,NA,NA,PA19,Pocillopora acuta,T0,0.2999999999999998,-0.1999999999999993,5.787746170678337,0.2348069137020367,1.3590028156277616,5.7,-16.9,0,0,0,0,0,0,0,0,12.472647702407,-6.389413988657844
PA21,28.3977,49.8,5.6,322.3,-19.3,host,5.6,-19.3,NA,T0,T0,NA,NA,PA21,Pocillopora acuta,T0,0.8999999999999995,0,6.471887550200804,0.1753663148776133,1.1349510699810197,5.6,-19.3,0,0,0,0,0,0,0,0,11.244979919678714,-5.988209742475954
PA22,19.4048,51.9,6.2,300.5,-15.8,host,6.2,-15.8,NA,T0,T0,NA,NA,PA22,Pocillopora acuta,T0,0.40000000000000036,0,5.7899807321772645,0.2674595976253298,1.5485859168865432,6.2,-15.8,0,0,0,0,0,0,0,0,11.946050096339114,-5.2579034941763725
PAC 04,14.2238,61.8,6.7,326.4,-16.5,host,6.7,-16.5,4,PAC V02 A,2,A,PAC 04,PA21,Pocillopora acuta,V2,0.40000000000000036,0.1999999999999993,5.281553398058253,0.43448304953669203,2.2947454266792273,5.6,-19.3,1.1000000000000005,2.8000000000000007,-0.4999999999999991,0.1999999999999993,1.1000000000000005,1.5999999999999996,2.8000000000000007,2.6000000000000014,10.841423948220065,-5.05514705882353
PAC 37,27.637,73.9,6.2,377.5,-16.7,host,6.2,-16.7,37,PAC V20 A,20,A,PAC 37,PA11,Pocillopora acuta,V20,-0.5999999999999996,0.6999999999999993,5.108254397834911,0.26739515866410973,1.3659224952057025,5.6,-16.6,0.6000000000000005,-0.09999999999999787,-0.8999999999999995,0.3000000000000007,0.6000000000000005,1.5,-0.09999999999999787,-0.3999999999999986,8.389715832205683,-4.423841059602649
PR02,37.89,40.7,5.9,259,-14.1,host,5.9,-14.1,NA,T0,T0,NA,NA,PR02,Porites rus,T0,-0.2999999999999998,-1.1999999999999993,6.363636363636363,0.10741620480337821,0.6835576669305885,5.9,-14.1,0,0,0,0,0,0,0,0,14.496314496314497,-5.444015444015444
PR06,37.58,48.3,2.9,296.6,-13.9,host,2.9,-13.9,NA,T0,T0,NA,NA,PR06,Porites rus,T0,-3.0000000000000004,-0.7000000000000011,6.140786749482403,0.1285258116019159,0.7892496008515169,2.9,-13.9,0,0,0,0,0,0,0,0,6.004140786749482,-4.68644639244774
PRU 07,35.75,41.2,5.8,254.4,-14.3,host,5.8,-14.3,7,PRU V03 C,3,C,PRU 07,PR03,Porites rus,V3,0.20000000000000018,-1.5,6.174757281553398,0.11524475524475526,0.7116083916083916,4.6,-15.1,1.2000000000000002,0.7999999999999989,0.8000000000000007,0.09999999999999964,1.2000000000000002,0.39999999999999947,0.7999999999999989,0.6999999999999993,14.077669902912621,-5.621069182389937
PRU 31,38.15,48.6,5.6,311.3,-14.1,host,5.6,-14.1,31,PRU V12 C,12,C,PRU 31,PR06,Porites rus,V12,-0.3000000000000007,-3.1999999999999993,6.405349794238683,0.12739187418086503,0.815989515072084,2.9,-13.9,2.6999999999999997,-0.1999999999999993,2.6999999999999997,-2.4999999999999982,2.6999999999999997,0,-0.1999999999999993,2.299999999999999,11.522633744855966,-4.529392868615483
PR03,28.7263,20.5,4.6,152.6,-15.1,host,4.6,-15.1,NA,T0,T0,NA,NA,PR03,Porites rus,T0,-0.6000000000000005,-1.5999999999999996,7.44390243902439,0.07136317590500692,0.5312205191758075,4.6,-15.1,0,0,0,0,0,0,0,0,22.4390243902439,-9.895150720838794
PR07,24.1438,39.4,5.6,259.9,-14.6,host,5.6,-14.6,NA,T0,T0,NA,NA,PR07,Porites rus,T0,-0.20000000000000018,-1.6999999999999993,6.596446700507614,0.1631888932148212,1.0764668362063965,5.6,-14.6,0,0,0,0,0,0,0,0,14.213197969543149,-5.617545209696037
PRU 16,26.275,40.3,6.5,246.6,-15.9,host,6.5,-15.9,16,PRU V05 C,5,C,PRU 16,PR02,Porites rus,V5,0.20000000000000018,-0.5999999999999996,6.119106699751861,0.1533777354900095,0.9385347288296861,5.9,-14.1,0.5999999999999996,-1.8000000000000007,0.5,0.5999999999999996,0.5999999999999996,0.09999999999999964,-1.8000000000000007,-2.4000000000000004,16.12903225806452,-6.447688564476886
PRU 22,26.2726,42.4,6.6,282.3,-15,host,6.6,-15,22,PRU V06 C,6,C,PRU 22,PR07,Porites rus,V6,-0.20000000000000018,-0.8000000000000007,6.658018867924529,0.1613848648401757,1.0745034751033395,5.6,-14.6,1,-0.40000000000000036,0,0.8999999999999986,1,1,-0.40000000000000036,-1.299999999999999,15.566037735849056,-5.313496280552603
PRU 49,27.0514,41.5,6.2,271.2,-14.4,host,6.2,-14.4,49,PRU V17 C,17,C,PRU 49,PR08,Porites rus,V17,-0.20000000000000018,-0.40000000000000036,6.534939759036145,0.15341165337099003,1.002535913113554,5.9,-13.7,0.2999999999999998,-0.7000000000000011,0.1999999999999993,-0.3000000000000007,0.2999999999999998,0.10000000000000053,-0.7000000000000011,-0.40000000000000036,14.93975903614458,-5.3097345132743365
PAC 60,18.8599,57.4,6.5,338.9,-15.5,host,6.5,-15.5,60,PAC V18 A,18,A,PAC 60,PA22,Pocillopora acuta,V18,0.5999999999999996,0.3000000000000007,5.904181184668989,0.30434943981675405,1.7969342361306262,6.2,-15.8,0.2999999999999998,0.3000000000000007,0.1999999999999993,0.3000000000000007,0.2999999999999998,0.10000000000000053,0.3000000000000007,0,11.32404181184669,-4.573620537031573
PR04,19.5728,42.4,5.3,289.1,-15.1,host,5.3,-15.1,NA,T0,T0,NA,NA,PR04,Porites rus,T0,-1.1000000000000005,-0.9000000000000004,6.8183962264150955,0.21662715605329846,1.477049783372844,5.3,-15.1,0,0,0,0,0,0,0,0,12.5,-5.223106191629193
PR08,19.2343,33.1,5.9,222.3,-13.7,host,5.9,-13.7,NA,T0,T0,NA,NA,PR08,Porites rus,T0,-0.39999999999999947,-0.09999999999999964,6.716012084592145,0.17208840456892116,1.1557478047030567,5.9,-13.7,0,0,0,0,0,0,0,0,17.824773413897283,-6.162843004948267
PRU 04,17.9894,43.5,6.3,244.4,-13.2,host,6.3,-13.2,4,PRU V02 C,2,C,PRU 04,PR06,Porites rus,V2,0.20000000000000018,-0.5,5.618390804597701,0.24180906533847712,1.3585778291660644,2.9,-13.9,3.4,0.7000000000000011,3.2000000000000006,0.20000000000000107,3.4,0.1999999999999993,0.7000000000000011,0.5,14.482758620689653,-5.400981996726677
PRU 10,16.9838,33.8,6.4,199.9,-15.3,host,6.4,-15.3,10,PRU V16 C,16,C,PRU 10,PR03,Porites rus,V16,0.40000000000000036,-0.6000000000000014,5.9142011834319534,0.19901317726303888,1.1770039684876177,4.6,-15.1,1.8000000000000007,-0.20000000000000107,1.0000000000000009,0.9999999999999982,1.8000000000000007,0.7999999999999998,-0.20000000000000107,-1.1999999999999993,18.93491124260355,-7.653826913456728
PRU 13,19.6704,30.7,5.5,204.4,-14.1,host,5.5,-14.1,13,PRU V04 C,4,C,PRU 13,PR02,Porites rus,V4,-0.40000000000000036,-0.6999999999999993,6.657980456026059,0.15607206767528878,1.0391247763136489,5.9,-14.1,-0.40000000000000036,0,-0.10000000000000053,0.5,-0.40000000000000036,-0.2999999999999998,0,-0.5,17.91530944625407,-6.898238747553815
PRU 19,18.6367,27.8,6,182.5,-13.1,host,6,-13.1,19,PRU V15 C,15,C,PRU 19,PR06,Porites rus,V15,-0.09999999999999964,-1.0999999999999996,6.5647482014388485,0.14916803940611803,0.9792506184034726,2.9,-13.9,3.1,0.8000000000000007,2.900000000000001,-0.3999999999999986,3.1,0.1999999999999993,0.8000000000000007,1.1999999999999993,21.58273381294964,-7.178082191780821
PRU 34,19.5926,34,6.1,206.5,-15.1,host,6.1,-15.1,34,PRU V08 C,8,C,PRU 34,PR02,Porites rus,V8,0.39999999999999947,0.09999999999999964,6.073529411764706,0.17353490603595234,1.0539693557771812,5.9,-14.1,0.1999999999999993,-1,0.6999999999999993,1.299999999999999,0.1999999999999993,-0.5,-1,-2.299999999999999,17.941176470588236,-7.312348668280872
PRU 37,18.7969,53.3,6.5,346.8,-14.3,host,6.5,-14.3,37,PRU V18 C,18,C,PRU 37,PR08,Porites rus,V18,0.20000000000000018,-0.20000000000000107,6.50656660412758,0.28355739510238387,1.8449850773265801,5.9,-13.7,0.5999999999999996,-0.6000000000000014,0.5999999999999996,-0.10000000000000142,0.5999999999999996,0,-0.6000000000000014,-0.5,12.195121951219514,-4.1234140715109575
PRU 40,20.3349,42.6,5.2,256.6,-13.6,host,5.2,-13.6,40,PRU V10 C,10,C,PRU 40,PR07,Porites rus,V10,-0.8999999999999995,-0.29999999999999893,6.023474178403756,0.20949205553014769,1.2618699870665706,5.6,-14.6,-0.39999999999999947,1,-0.6999999999999993,1.4000000000000004,-0.39999999999999947,0.2999999999999998,1,-0.40000000000000036,12.206572769953052,-5.30007794232268
PRU 43,20.3519,47.9,5.8,295,-13.5,host,5.8,-13.5,43,PRU V09 C,9,C,PRU 43,PR04,Porites rus,V9,0.20000000000000018,0.5999999999999996,6.158663883089771,0.23535886084345933,1.449496115841764,5.3,-15.1,0.5,1.5999999999999996,1.3000000000000007,1.5,0.5,-0.8000000000000007,1.5999999999999996,0.09999999999999964,12.10855949895616,-4.576271186440678
PRU 46,18.2952,34.5,6.3,222.5,-15.3,host,6.3,-15.3,46,PRU V19 C,19,C,PRU 46,PR08,Porites rus,V19,0.20000000000000018,-1,6.449275362318841,0.18857405221041584,1.2161659888932614,5.9,-13.7,0.39999999999999947,-1.6000000000000014,0.5999999999999996,-0.9000000000000004,0.39999999999999947,-0.20000000000000018,-1.6000000000000014,-0.7000000000000011,18.26086956521739,-6.876404494382022
PRU 52,17.3851,39.9,6,264.9,-13.1,host,6,-13.1,52,PRU V20 C,20,C,PRU 52,PR03,Porites rus,V20,-0.20000000000000018,-0.1999999999999993,6.639097744360902,0.22950687657821925,1.5237185866057714,4.6,-15.1,1.4000000000000004,2,0.40000000000000036,1.4000000000000004,1.4000000000000004,1,2,0.5999999999999996,15.037593984962406,-4.9452623631559085
PA18,7.5579,26.2,5.8,279.3,-16.9,host,5.8,-16.9,NA,T0,T0,NA,NA,PA18,Pocillopora acuta,T0,0.8999999999999995,-0.09999999999999787,10.660305343511451,0.34665714021090516,3.69547096415671,5.8,-16.9,0,0,0,0,0,0,0,0,22.137404580152673,-6.050841389187253
PAC 02,9.7348,51.1,6.8,310,-16.4,host,6.8,-16.4,2,PAC V01 C,1,C,PAC 02,PA22,Pocillopora acuta,V1,0.7999999999999998,-0.09999999999999787,6.066536203522505,0.5249209023297859,3.184451657969347,6.2,-15.8,0.5999999999999996,-0.5999999999999979,0.39999999999999947,-0.09999999999999787,0.5999999999999996,0.20000000000000018,-0.5999999999999979,-0.5,13.307240704500977,-5.29032258064516
PAC 07,9.2822,38.6,6.6,245.3,-16,host,6.6,-16,7,PAC V03 A,3,A,PAC 07,PA11,Pocillopora acuta,V3,0.2999999999999998,-0.09999999999999964,6.3549222797927465,0.41584969080605894,2.6426924651483485,5.6,-16.6,1,0.6000000000000014,0,-0.4999999999999982,1,1,0.6000000000000014,1.0999999999999996,17.098445595854923,-6.522625356706074
PAC 10,15.5552,55.2,7.7,315.8,-15.2,host,7.7,-15.2,10,PAC V19 A,19,A,PAC 10,PA22,Pocillopora acuta,V19,1.6000000000000005,0.6000000000000014,5.721014492753623,0.35486525406295005,2.0301892614688337,6.2,-15.8,1.5,0.6000000000000014,1.2000000000000002,0.6000000000000014,1.5,0.2999999999999998,0.6000000000000014,0,13.949275362318842,-4.813172894236859
PAC 13,15.0053,66,6.8,341.4,-15.8,host,6.8,-15.8,13,PAC V16 A,16,A,PAC 13,PA11,Pocillopora acuta,V16,-0.10000000000000053,0,5.172727272727272,0.4398445882454866,2.275196097378926,5.6,-16.6,1.2000000000000002,0.8000000000000007,-0.40000000000000036,-0.3999999999999986,1.2000000000000002,1.6000000000000005,0.8000000000000007,1.1999999999999993,10.303030303030303,-4.6280023432923265
PAC 16,15.6167,54.7,7.2,296.2,-16.3,host,7.2,-16.3,16,PAC V04 A,4,A,PAC 16,PA19,Pocillopora acuta,V4,0.9000000000000004,0.1999999999999993,5.414990859232175,0.3502660613317795,1.8966875204108422,5.7,-16.9,1.5,0.5999999999999979,0.6000000000000005,0.3999999999999986,1.5,0.8999999999999995,0.5999999999999979,0.1999999999999993,13.16270566727605,-5.503038487508441
PAC 19,14.8748,59.3,6.6,349.2,-15.8,host,6.6,-15.8,19,PAC V09 A,9,A,PAC 19,PA13,Pocillopora acuta,V9,0.09999999999999964,0,5.8887015177065765,0.39866082233038425,2.3475945895070858,5.8,-17,0.7999999999999998,1.1999999999999993,-0.40000000000000036,-0.3000000000000007,0.7999999999999998,1.2000000000000002,1.1999999999999993,1.5,11.129848229342327,-4.52462772050401
PAC 22,8.393,68.4,6.7,409.3,-16.7,host,6.7,-16.7,22,PAC V05 A,5,A,PAC 22,PA19,Pocillopora acuta,V5,0.6000000000000005,0.1999999999999993,5.98391812865497,0.8149648516620993,4.876682950077445,5.7,-16.9,1,0.1999999999999993,0.3000000000000007,0.3999999999999986,1,0.6999999999999993,0.1999999999999993,-0.1999999999999993,9.7953216374269,-4.080136818959199
PAC 25,14.7961,73.3,6.9,393.4,-15.9,host,6.9,-15.9,25,PAC V15 A,15,A,PAC 25,PA21,Pocillopora acuta,V15,0.7000000000000002,0.29999999999999893,5.3669849931787175,0.49540081507964945,2.6588087401409832,5.6,-19.3,1.3000000000000007,3.4000000000000004,-0.1999999999999993,0.29999999999999893,1.3000000000000007,1.5,3.4000000000000004,3.1000000000000014,9.413369713506139,-4.041687849517031
PAC 28,9.6389,56.4,7.2,307.3,-15.9,host,7.2,-15.9,28,PAC V12 A,12,A,PAC 28,PA21,Pocillopora acuta,V12,0.7000000000000002,0,5.448581560283689,0.5851290084968203,3.188123126082852,5.6,-19.3,1.6000000000000005,3.4000000000000004,-0.1999999999999993,0,1.6000000000000005,1.7999999999999998,3.4000000000000004,3.4000000000000004,12.765957446808512,-5.174096973641393
PAC 31,9.1948,38.3,6.8,225.4,-16.3,host,6.8,-16.3,31,PAC V08 A,8,A,PAC 31,PA19,Pocillopora acuta,V8,0.39999999999999947,0.3000000000000007,5.885117493472586,0.41653978335580977,2.4513855657545567,5.7,-16.9,1.0999999999999996,0.5999999999999979,0.09999999999999964,0.5,1.0999999999999996,1,0.5999999999999979,0.09999999999999787,17.75456919060052,-7.231588287488909
PAC 34,16.021,42.9,6.1,312.2,-16.3,host,6.1,-16.3,34,PAC V06 A,6,A,PAC 34,PA18,Pocillopora acuta,V6,0.1999999999999993,0.3000000000000007,7.277389277389277,0.26777354721927465,1.948692341302041,5.8,-16.9,0.2999999999999998,0.5999999999999979,-0.7000000000000002,0.3999999999999986,0.2999999999999998,1,0.5999999999999979,0.1999999999999993,14.219114219114218,-5.2210121716848175
PAC 40,8.492,41.7,6.2,326.7,-16.6,host,6.2,-16.6,40,PAC V11 A,11,A,PAC 40,PA18,Pocillopora acuta,V11,0.5,-0.10000000000000142,7.834532374100719,0.4910504003768252,3.847150259067357,5.8,-16.9,0.40000000000000036,0.29999999999999716,-0.39999999999999947,-3.552713678800501e-15,0.40000000000000036,0.7999999999999998,0.29999999999999716,0.3000000000000007,14.86810551558753,-5.0811141720232635
PAC 43,9.9884,76,6.7,440.7,-16,host,6.7,-16,43,PAC V07 A,7,A,PAC 43,PA13,Pocillopora acuta,V7,0.7000000000000002,0,5.798684210526315,0.7608826238436586,4.412118056946057,5.8,-17,0.9000000000000004,1,0.20000000000000018,-0.3000000000000007,0.9000000000000004,0.7000000000000002,1,1.3000000000000007,8.81578947368421,-3.6305877013841616
PAC 46,10.7428,39.4,6.2,287.3,-16.4,host,6.2,-16.4,46,PAC V14 A,14,A,PAC 46,PA18,Pocillopora acuta,V14,0.7999999999999998,-0.09999999999999787,7.291878172588833,0.36675726998547864,2.674349331645381,5.8,-16.9,0.40000000000000036,0.5,-0.09999999999999964,0,0.40000000000000036,0.5,0.5,0.5,15.736040609137056,-5.708318830490775
PAC 49,14.887,47.7,7,289.6,-15.2,host,7,-15.2,49,PAC V17 A,17,A,PAC 49,PA22,Pocillopora acuta,V17,0.7000000000000002,-0.09999999999999964,6.071278825995807,0.32041378383824815,1.9453214213743537,6.2,-15.8,0.7999999999999998,0.6000000000000014,0.2999999999999998,-0.09999999999999964,0.7999999999999998,0.5,0.6000000000000014,0.7000000000000011,14.675052410901468,-5.248618784530386
PAC 52,14.2137,72.2,6.7,385.3,-16,host,6.7,-16,52,PAC V13 C,13,C,PAC 52,PA13,Pocillopora acuta,V13,0.6000000000000005,0.3000000000000007,5.336565096952908,0.5079606295334783,2.7107649661945876,5.8,-17,0.9000000000000004,1,0.10000000000000053,0,0.9000000000000004,0.7999999999999998,1,1,9.279778393351801,-4.152608357124318
PAC 55,10.6393,49.4,6.8,317.7,-16,host,6.8,-16,55,PAC V10 A,10,A,PAC 55,PA18,Pocillopora acuta,V10,0.5,0.10000000000000142,6.431174089068826,0.46431626140817533,2.9860987095015648,5.8,-16.9,1,0.8999999999999986,-0.39999999999999947,0.1999999999999993,1,1.3999999999999995,0.8999999999999986,0.6999999999999993,13.765182186234817,-5.036197670758578
PRU 02,9.6091,36.4,6.6,236.2,-14.7,host,6.6,-14.7,2,PRU V01 C,1,C,PRU 02,PR08,Porites rus,V1,0.39999999999999947,-0.1999999999999993,6.489010989010989,0.3788075886399351,2.458086605405293,5.9,-13.7,0.6999999999999993,-1,0.7999999999999989,-0.09999999999999964,0.6999999999999993,-0.09999999999999964,-1,-0.9000000000000004,18.13186813186813,-6.223539373412362
PRU 25,15.2571,45.7,6.4,277.4,-15.2,host,6.4,-15.2,25,PRU V07 C,7,C,PRU 25,PR04,Porites rus,V7,0.20000000000000018,-0.09999999999999964,6.070021881838073,0.29953267658991556,1.8181699012263142,5.3,-15.1,1.1000000000000005,-0.09999999999999964,1.3000000000000007,0.8000000000000007,1.1000000000000005,-0.20000000000000018,-0.09999999999999964,-0.9000000000000004,14.00437636761488,-5.479452054794521
PRU 28,15.4153,59,6.2,327.6,-14.1,host,6.2,-14.1,28,PRU V11 C,11,C,PRU 28,PR07,Porites rus,V11,0,-0.1999999999999993,5.552542372881356,0.3827366317878991,2.125161365656199,5.6,-14.6,0.6000000000000005,0.5,0.20000000000000018,1.5,0.6000000000000005,0.40000000000000036,0.5,-1,10.508474576271187,-4.304029304029303
PRU 60,13.9318,33.9,6.2,226.9,-13.6,host,6.2,-13.6,60,PRU V13 C,13,C,PRU 60,PR04,Porites rus,V13,0.20000000000000018,0.20000000000000107,6.6932153392330385,0.24332821315264358,1.6286481287414403,5.3,-15.1,0.9000000000000004,1.5,1.3000000000000007,1.1000000000000014,0.9000000000000004,-0.40000000000000036,1.5,0.3999999999999986,18.289085545722717,-5.993829881004848
PA11,25.8405,39.4,5.3,306.7,-17,symb,5.3,-17,NA,T0,T0,NA,NA,PA11,Pocillopora acuta,T0,0.2999999999999998,0.3999999999999986,7.784263959390863,0.15247382984075386,1.1868965383796755,5.3,-17,0,0,0,0,0,0,0,0,13.451776649746192,-5.542875774372351
PAC 10,38.55,53.6,6.1,346.2,-15.8,symb,6.1,-15.8,10,PAC V19 A,19,A,PAC 10,PA22,Pocillopora acuta,V19,1.6000000000000005,0.6000000000000014,6.458955223880596,0.1390402075226978,0.8980544747081712,5.8,-15.8,0.2999999999999998,0,1.2000000000000002,0.6000000000000014,1.5,0.2999999999999998,0.6000000000000014,0,11.380597014925373,-4.563835932986713
PAC 37,27.8063,48.5,6.8,348.1,-17.4,symb,6.8,-17.4,37,PAC V20 A,20,A,PAC 37,PA11,Pocillopora acuta,V20,-0.5999999999999996,0.6999999999999993,7.177319587628866,0.17442090461514118,1.2518745751861988,5.3,-17,1.5,-0.3999999999999986,-0.8999999999999995,0.3000000000000007,0.6000000000000005,1.5,-0.09999999999999787,-0.3999999999999986,14.02061855670103,-4.998563631140477
PRU 34,37.49,53.8,5.7,334.3,-15.2,symb,5.7,-15.2,34,PRU V08 C,8,C,PRU 34,PR02,Porites rus,V8,0.39999999999999947,0.09999999999999964,6.213754646840149,0.1435049346492398,0.8917044545212057,6.2,-12.9,-0.5,-2.299999999999999,0.6999999999999993,1.299999999999999,0.1999999999999993,-0.5,-1,-2.299999999999999,10.594795539033457,-4.546814238707747
PRU 43,27.1674,58.2,5.6,373.7,-14.1,symb,5.6,-14.1,43,PRU V09 C,9,C,PRU 43,PR04,Porites rus,V9,0.20000000000000018,0.5999999999999996,6.420962199312714,0.21422734601029175,1.3755456907911687,6.4,-14.2,-0.8000000000000007,0.09999999999999964,1.3000000000000007,1.5,0.5,-0.8000000000000007,1.5999999999999996,0.09999999999999964,9.621993127147766,-3.7730800107037727
PRU 55,28.1832,9,5.1,97.2,-12.3,symb,5.1,-12.3,55,PRU V14 C,14,C,PRU 55,PR07,Porites rus,V14,NA,NA,10.8,0.0319339180788555,0.3448863152516393,5.8,-12.9,-0.7000000000000002,0.5999999999999996,NA,NA,NA,-0.7000000000000002,NA,0.5999999999999996,56.666666666666664,-12.654320987654321
PAC 60,17.8889,36.4,5.9,266.7,-15.8,symb,5.9,-15.8,60,PAC V18 A,18,A,PAC 60,PA22,Pocillopora acuta,V18,0.5999999999999996,0.3000000000000007,7.326923076923077,0.2034781344856308,1.4908686392120254,5.8,-15.8,0.10000000000000053,0,0.1999999999999993,0.3000000000000007,0.2999999999999998,0.10000000000000053,0.3000000000000007,0,16.208791208791208,-5.9242594675665545
PR03,18.8749,34.8,5.2,254,-13.5,symb,5.2,-13.5,NA,T0,T0,NA,NA,PR03,Porites rus,T0,-0.6000000000000005,-1.5999999999999996,7.298850574712644,0.18437183773159063,1.3457024937880466,5.2,-13.5,0,0,0,0,0,0,0,0,14.942528735632186,-5.31496062992126
PRU 16,20.0961,51.9,6.3,281,-15.3,symb,6.3,-15.3,16,PRU V05 C,5,C,PRU 16,PR02,Porites rus,V5,0.20000000000000018,-0.5999999999999996,5.414258188824663,0.2582590651917537,1.3982812585526547,6.2,-12.9,0.09999999999999964,-2.4000000000000004,0.5,0.5999999999999996,0.5999999999999996,0.09999999999999964,-1.8000000000000007,-2.4000000000000004,12.138728323699421,-5.444839857651246
PRU 60,19.7028,41.4,6,268.1,-13.8,symb,6,-13.8,60,PRU V13 C,13,C,PRU 60,PR04,Porites rus,V13,0.20000000000000018,0.20000000000000107,6.47584541062802,0.21012241914854743,1.3607203037131779,6.4,-14.2,-0.40000000000000036,0.3999999999999986,1.3000000000000007,1.1000000000000014,0.9000000000000004,-0.40000000000000036,1.5,0.3999999999999986,14.492753623188406,-5.147333084669899
PA13,5.3585,45.7,5.3,382.1,-17.3,symb,5.3,-17.3,NA,T0,T0,NA,NA,PA13,Pocillopora acuta,T0,0.5,0.3000000000000007,8.361050328227572,0.8528506111785015,7.130726882523095,5.3,-17.3,0,0,0,0,0,0,0,0,11.597374179431071,-4.52761057314839
PA18,10.0674,31.6,4.9,278.8,-16.8,symb,4.9,-16.8,NA,T0,T0,NA,NA,PA18,Pocillopora acuta,T0,0.8999999999999995,-0.09999999999999787,8.822784810126583,0.31388441901583336,2.7693346842283013,4.9,-16.8,0,0,0,0,0,0,0,0,15.50632911392405,-6.025824964131994
PA19,6.108,94.8,5.4,677.8,-16.7,symb,5.4,-16.7,NA,T0,T0,NA,NA,PA19,Pocillopora acuta,T0,0.2999999999999998,-0.1999999999999993,7.149789029535865,1.5520628683693516,11.096922069417158,5.4,-16.7,0,0,0,0,0,0,0,0,5.69620253164557,-2.463853644142815
PA21,5.8286,44.8,4.7,341.5,-19.3,symb,4.7,-19.3,NA,T0,T0,NA,NA,PA21,Pocillopora acuta,T0,0.8999999999999995,0,7.622767857142858,0.7686236832172392,5.859039906667125,4.7,-19.3,0,0,0,0,0,0,0,0,10.49107142857143,-5.651537335285505
PA22,4.4004,73.7,5.8,586.1,-15.8,symb,5.8,-15.8,NA,T0,T0,NA,NA,PA22,Pocillopora acuta,T0,0.40000000000000036,0,7.952510176390773,1.674847741114444,13.319243705117717,5.8,-15.8,0,0,0,0,0,0,0,0,7.869742198100406,-2.695785702098618
PAC 02,9.5665,45.9,6,299,-16.3,symb,6,-16.3,2,PAC V01 C,1,C,PAC 02,PA22,Pocillopora acuta,V1,0.7999999999999998,-0.09999999999999787,6.514161220043573,0.47979929963936657,3.125489991114828,5.8,-15.8,0.20000000000000018,-0.5,0.39999999999999947,-0.09999999999999787,0.5999999999999996,0.20000000000000018,-0.5999999999999979,-0.5,13.071895424836603,-5.451505016722408
PAC 04,9.0557,18.4,6.3,125.6,-16.7,symb,6.3,-16.7,4,PAC V02 A,2,A,PAC 04,PA21,Pocillopora acuta,V2,0.40000000000000036,0.1999999999999993,6.826086956521739,0.20318694303035656,1.3869717415550427,4.7,-19.3,1.5999999999999996,2.6000000000000014,-0.4999999999999991,0.1999999999999993,1.1000000000000005,1.5999999999999996,2.8000000000000007,2.6000000000000014,34.23913043478261,-13.296178343949045
PAC 07,9.3629,56.6,6.3,362.3,-15.9,symb,6.3,-15.9,7,PAC V03 A,3,A,PAC 07,PA11,Pocillopora acuta,V3,0.2999999999999998,-0.09999999999999964,6.401060070671378,0.6045135588332675,3.8695276036270814,5.3,-17,1,1.0999999999999996,0,-0.4999999999999982,1,1,0.6000000000000014,1.0999999999999996,11.130742049469964,-4.388628208666851
PAC 13,7.6833,55.6,6.9,333.5,-15.8,symb,6.9,-15.8,13,PAC V16 A,16,A,PAC 13,PA11,Pocillopora acuta,V16,-0.10000000000000053,0,5.998201438848921,0.7236473910949723,4.34058282248513,5.3,-17,1.6000000000000005,1.1999999999999993,-0.40000000000000036,-0.3999999999999986,1.2000000000000002,1.6000000000000005,0.8000000000000007,1.1999999999999993,12.410071942446043,-4.737631184407796
PAC 16,14.7107,44,6.3,311.2,-16.5,symb,6.3,-16.5,16,PAC V04 A,4,A,PAC 16,PA19,Pocillopora acuta,V4,0.9000000000000004,0.1999999999999993,7.072727272727272,0.2991020141801546,2.1154669730196387,5.4,-16.7,0.8999999999999995,0.1999999999999993,0.6000000000000005,0.3999999999999986,1.5,0.8999999999999995,0.5999999999999979,0.1999999999999993,14.318181818181818,-5.302056555269923
PAC 19,5.8893,57.9,6.5,373.7,-15.8,symb,6.5,-15.8,19,PAC V09 A,9,A,PAC 19,PA13,Pocillopora acuta,V9,0.09999999999999964,0,6.4542314335060444,0.9831389129438133,6.345406075424923,5.3,-17.3,1.2000000000000002,1.5,-0.40000000000000036,-0.3000000000000007,0.7999999999999998,1.2000000000000002,1.1999999999999993,1.5,11.226252158894647,-4.227990366604228
PAC 22,6.819,53.2,6.1,382,-16.9,symb,6.1,-16.9,22,PAC V05 A,5,A,PAC 22,PA19,Pocillopora acuta,V5,0.6000000000000005,0.1999999999999993,7.180451127819548,0.7801730459011587,5.601994427335386,5.4,-16.7,0.6999999999999993,-0.1999999999999993,0.3000000000000007,0.3999999999999986,1,0.6999999999999993,0.1999999999999993,-0.1999999999999993,11.466165413533833,-4.424083769633508
PAC 25,6.4294,48.3,6.2,313.2,-16.2,symb,6.2,-16.2,25,PAC V15 A,15,A,PAC 25,PA21,Pocillopora acuta,V15,0.7000000000000002,0.29999999999999893,6.484472049689441,0.7512365072946152,4.871372134258251,4.7,-19.3,1.5,3.1000000000000014,-0.1999999999999993,0.29999999999999893,1.3000000000000007,1.5,3.4000000000000004,3.1000000000000014,12.836438923395447,-5.172413793103448
PAC 28,8.4835,67.4,6.5,417.4,-15.9,symb,6.5,-15.9,28,PAC V12 A,12,A,PAC 28,PA21,Pocillopora acuta,V12,0.7000000000000002,0,6.1928783382789305,0.7944834089703543,4.920139093534508,4.7,-19.3,1.7999999999999998,3.4000000000000004,-0.1999999999999993,0,1.6000000000000005,1.7999999999999998,3.4000000000000004,3.4000000000000004,9.643916913946587,-3.809295639674174
PAC 31,10.1053,37.4,6.4,273.9,-16.6,symb,6.4,-16.6,31,PAC V08 A,8,A,PAC 31,PA19,Pocillopora acuta,V8,0.39999999999999947,0.3000000000000007,7.323529411764706,0.3701028173334785,2.71045886811871,5.4,-16.7,1,0.09999999999999787,0.09999999999999964,0.5,1.0999999999999996,1,0.5999999999999979,0.09999999999999787,17.112299465240643,-6.060606060606061
PAC 34,7.4364,33.9,5.9,304.7,-16.6,symb,5.9,-16.6,34,PAC V06 A,6,A,PAC 34,PA18,Pocillopora acuta,V6,0.1999999999999993,0.3000000000000007,8.988200589970502,0.4558657414878167,4.097412726588134,4.9,-16.8,1,0.1999999999999993,-0.7000000000000002,0.3999999999999986,0.2999999999999998,1,0.5999999999999979,0.1999999999999993,17.404129793510325,-5.447981621266821
PAC 40,4.7125,49.9,5.7,377.6,-16.5,symb,5.7,-16.5,40,PAC V11 A,11,A,PAC 40,PA18,Pocillopora acuta,V11,0.5,-0.10000000000000142,7.567134268537075,1.0588859416445622,8.012732095490717,4.9,-16.8,0.7999999999999998,0.3000000000000007,-0.39999999999999947,-3.552713678800501e-15,0.40000000000000036,0.7999999999999998,0.29999999999999716,0.3000000000000007,11.422845691382765,-4.369703389830508
PAC 43,6.0721,56.1,6,359.1,-16,symb,6,-16,43,PAC V07 A,7,A,PAC 43,PA13,Pocillopora acuta,V7,0.7000000000000002,0,6.401069518716578,0.923897827769635,5.913934223744669,5.3,-17.3,0.7000000000000002,1.3000000000000007,0.20000000000000018,-0.3000000000000007,0.9000000000000004,0.7000000000000002,1,1.3000000000000007,10.695187165775401,-4.455583402951824
PAC 46,14.1325,43.7,5.4,320.9,-16.3,symb,5.4,-16.3,46,PAC V14 A,14,A,PAC 46,PA18,Pocillopora acuta,V14,0.7999999999999998,-0.09999999999999787,7.343249427917619,0.3092163453033787,2.270652750751813,4.9,-16.8,0.5,0.5,-0.09999999999999964,0,0.40000000000000036,0.5,0.5,0.5,12.356979405034325,-5.0794640074789665
PAC 49,14.2321,52.1,6.3,347.1,-15.1,symb,6.3,-15.1,49,PAC V17 A,17,A,PAC 49,PA22,Pocillopora acuta,V17,0.7000000000000002,-0.09999999999999964,6.662188099808062,0.36607387525382756,2.438853015366671,5.8,-15.8,0.5,0.7000000000000011,0.2999999999999998,-0.09999999999999964,0.7999999999999998,0.5,0.6000000000000014,0.7000000000000011,12.092130518234164,-4.350331316623452
PAC 52,9.2566,53.8,6.1,349,-16.3,symb,6.1,-16.3,52,PAC V13 C,13,C,PAC 52,PA13,Pocillopora acuta,V13,0.6000000000000005,0.3000000000000007,6.4869888475836435,0.5812069226281789,3.7702828252274054,5.3,-17.3,0.7999999999999998,1,0.10000000000000053,0,0.9000000000000004,0.7999999999999998,1,1,11.338289962825279,-4.670487106017193
PAC 55,14.8061,59.7,6.3,420.8,-16.1,symb,6.3,-16.1,55,PAC V10 A,10,A,PAC 55,PA18,Pocillopora acuta,V10,0.5,0.10000000000000142,7.04857621440536,0.40321218957051486,2.842071848765036,4.9,-16.8,1.3999999999999995,0.6999999999999993,-0.39999999999999947,0.1999999999999993,1,1.3999999999999995,0.8999999999999986,0.6999999999999993,10.552763819095476,-3.826045627376426
PR02,9.466,32.6,6.2,210.6,-12.9,symb,6.2,-12.9,NA,T0,T0,NA,NA,PR02,Porites rus,T0,-0.2999999999999998,-1.1999999999999993,6.460122699386503,0.34439045003169244,2.2248045637016696,6.2,-12.9,0,0,0,0,0,0,0,0,19.01840490797546,-6.125356125356126
PR04,6.2903,46.3,6.4,289.8,-14.2,symb,6.4,-14.2,NA,T0,T0,NA,NA,PR04,Porites rus,T0,-1.1000000000000005,-0.9000000000000004,6.259179265658748,0.7360539242961385,4.607093461361143,6.4,-14.2,0,0,0,0,0,0,0,0,13.822894168466524,-4.899930986887508
PR06,6.0034,109.9,5.9,674.9,-13.2,symb,5.9,-13.2,NA,T0,T0,NA,NA,PR06,Porites rus,T0,-3.0000000000000004,-0.7000000000000011,6.141037306642402,1.830629310057634,11.241962887696971,5.9,-13.2,0,0,0,0,0,0,0,0,5.368516833484986,-1.955845310416358
PR07,5.7402,74.3,5.8,510.3,-12.9,symb,5.8,-12.9,NA,T0,T0,NA,NA,PR07,Porites rus,T0,-0.20000000000000018,-1.6999999999999993,6.868102288021535,1.2943799867600434,8.889934148635936,5.8,-12.9,0,0,0,0,0,0,0,0,7.806191117092867,-2.5279247501469726
PR08,5.7045,56.7,6.3,359.2,-13.6,symb,6.3,-13.6,NA,T0,T0,NA,NA,PR08,Porites rus,T0,-0.39999999999999947,-0.09999999999999964,6.335097001763668,0.9939521430449646,6.2967832413007265,6.3,-13.6,0,0,0,0,0,0,0,0,11.11111111111111,-3.78619153674833
PRU 02,12.6372,70.4,6.2,417.6,-14.5,symb,6.2,-14.5,2,PRU V01 C,1,C,PRU 02,PR08,Porites rus,V1,0.39999999999999947,-0.1999999999999993,5.931818181818182,0.5570854303168423,3.3045294843794517,6.3,-13.6,-0.09999999999999964,-0.9000000000000004,0.7999999999999989,-0.09999999999999964,0.6999999999999993,-0.09999999999999964,-1,-0.9000000000000004,8.806818181818182,-3.4722222222222223
PRU 04,4.4419,97.2,6.1,578.8,-12.7,symb,6.1,-12.7,4,PRU V02 C,2,C,PRU 04,PR06,Porites rus,V2,0.20000000000000018,-0.5,5.954732510288065,2.1882527747135234,13.030459938314683,5.9,-13.2,0.1999999999999993,0.5,3.2000000000000006,0.20000000000000107,3.4,0.1999999999999993,0.7000000000000011,0.5,6.275720164609052,-2.1941948859709743
PRU 07,6.1116,69.5,5.6,471,-12.8,symb,5.6,-12.8,7,PRU V03 C,3,C,PRU 07,PR03,Porites rus,V3,0.20000000000000018,-1.5,6.776978417266187,1.1371817527325088,7.706656194777145,5.2,-13.5,0.39999999999999947,0.6999999999999993,0.8000000000000007,0.09999999999999964,1.2000000000000002,0.39999999999999947,0.7999999999999989,0.6999999999999993,8.057553956834532,-2.717622080679406
PRU 10,6.4448,141,6,803.8,-14.7,symb,6,-14.7,10,PRU V16 C,16,C,PRU 10,PR03,Porites rus,V16,0.40000000000000036,-0.6000000000000014,5.7007092198581555,2.1878103277060577,12.472070506454816,5.2,-13.5,0.7999999999999998,-1.1999999999999993,1.0000000000000009,0.9999999999999982,1.8000000000000007,0.7999999999999998,-0.20000000000000107,-1.1999999999999993,4.25531914893617,-1.828813137596417
PRU 13,2.9953,61.7,5.9,399.3,-13.4,symb,5.9,-13.4,13,PRU V04 C,4,C,PRU 13,PR02,Porites rus,V4,-0.40000000000000036,-0.6999999999999993,6.471636952998379,2.059893833672754,13.330885053250094,6.2,-12.9,-0.2999999999999998,-0.5,-0.10000000000000053,0.5,-0.40000000000000036,-0.2999999999999998,0,-0.5,9.562398703403566,-3.355872777360381
PRU 19,4.5362,29.7,6.1,199.2,-12,symb,6.1,-12,19,PRU V15 C,15,C,PRU 19,PR06,Porites rus,V15,-0.09999999999999964,-1.0999999999999996,6.707070707070707,0.6547330364622371,4.391340769807328,5.9,-13.2,0.1999999999999993,1.1999999999999993,2.900000000000001,-0.3999999999999986,3.1,0.1999999999999993,0.8000000000000007,1.1999999999999993,20.538720538720536,-6.024096385542169
PRU 22,3.4153,36.7,6.8,207.4,-14.2,symb,6.8,-14.2,22,PRU V06 C,6,C,PRU 22,PR07,Porites rus,V6,-0.20000000000000018,-0.8000000000000007,5.651226158038146,1.0745761719321878,6.072672971627676,5.8,-12.9,1,-1.299999999999999,0,0.8999999999999986,1,1,-0.40000000000000036,-1.299999999999999,18.52861035422343,-6.846673095467695
PRU 25,7.157,35.2,6.2,198.2,-15.1,symb,6.2,-15.1,25,PRU V07 C,7,C,PRU 25,PR04,Porites rus,V7,0.20000000000000018,-0.09999999999999964,5.6306818181818175,0.4918261841553724,2.7693167528293974,6.4,-14.2,-0.20000000000000018,-0.9000000000000004,1.3000000000000007,0.8000000000000007,1.1000000000000005,-0.20000000000000018,-0.09999999999999964,-0.9000000000000004,17.613636363636363,-7.61856710393542
PRU 28,3.5259,32.2,6.2,185.1,-13.9,symb,6.2,-13.9,28,PRU V11 C,11,C,PRU 28,PR07,Porites rus,V11,0,-0.1999999999999993,5.748447204968944,0.9132420091324203,5.2497234748574835,5.8,-12.9,0.40000000000000036,-1,0.20000000000000018,1.5,0.6000000000000005,0.40000000000000036,0.5,-1,19.254658385093165,-7.509454349000541
PRU 31,3.5601,23,5.9,178.7,-10.9,symb,5.9,-10.9,31,PRU V12 C,12,C,PRU 31,PR06,Porites rus,V12,-0.3000000000000007,-3.1999999999999993,7.769565217391304,0.646049268278981,5.019521923541474,5.9,-13.2,0,2.299999999999999,2.6999999999999997,-2.4999999999999982,2.6999999999999997,0,-0.1999999999999993,2.299999999999999,25.65217391304348,-6.099608282036934
PRU 37,2.9948,40,6.3,239.7,-14.1,symb,6.3,-14.1,37,PRU V18 C,18,C,PRU 37,PR08,Porites rus,V18,0.20000000000000018,-0.20000000000000107,5.9925,1.3356484573260319,8.003873380526246,6.3,-13.6,0,-0.5,0.5999999999999996,-0.10000000000000142,0.5999999999999996,0,-0.6000000000000014,-0.5,15.75,-5.88235294117647
PRU 40,3.6836,31.8,6.1,195.7,-13.3,symb,6.1,-13.3,40,PRU V10 C,10,C,PRU 40,PR07,Porites rus,V10,-0.8999999999999995,-0.29999999999999893,6.154088050314465,0.8632859159517862,5.312737539363665,5.8,-12.9,0.2999999999999998,-0.40000000000000036,-0.6999999999999993,1.4000000000000004,-0.39999999999999947,0.2999999999999998,1,-0.40000000000000036,19.182389937106915,-6.79611650485437
PRU 46,6.7815,56.4,6.1,299.7,-14.3,symb,6.1,-14.3,46,PRU V19 C,19,C,PRU 46,PR08,Porites rus,V19,0.20000000000000018,-1,5.3138297872340425,0.8316744083167441,4.419376244193762,6.3,-13.6,-0.20000000000000018,-0.7000000000000011,0.5999999999999996,-0.9000000000000004,0.39999999999999947,-0.20000000000000018,-1.6000000000000014,-0.7000000000000011,10.815602836879432,-4.7714381047714385
PRU 49,7.6397,49.9,6.4,302.3,-14,symb,6.4,-14,49,PRU V17 C,17,C,PRU 49,PR08,Porites rus,V17,-0.20000000000000018,-0.40000000000000036,6.05811623246493,0.653167009175753,3.9569616607981986,6.3,-13.6,0.10000000000000053,-0.40000000000000036,0.1999999999999993,-0.3000000000000007,0.2999999999999998,0.10000000000000053,-0.7000000000000011,-0.40000000000000036,12.825651302605213,-4.631161098246774
PRU 52,3.8707,83.4,6.2,498.3,-12.9,symb,6.2,-12.9,52,PRU V20 C,20,C,PRU 52,PR03,Porites rus,V20,-0.20000000000000018,-0.1999999999999993,5.974820143884892,2.1546490298912344,12.873640426796188,5.2,-13.5,1,0.5999999999999996,0.40000000000000036,1.4000000000000004,1.4000000000000004,1,2,0.5999999999999996,7.434052757793765,-2.588801926550271
